CodCourse,Name,,,
250,MECANICA DE FLUIDOS,,,
311,ANALISIS ESTRUCTURAL,,,
250,MECANICA DE FLUIDOS,,,
311,ANALISIS ESTRUCTURAL,,,
250,MECANICA DE FLUIDOS,,,
311,ANALISIS ESTRUCTURAL,,,
250,MECANICA DE FLUIDOS,,,
311,ANALISIS ESTRUCTURAL,,,
250,MECANICA DE FLUIDOS,,,
250,MECANICA DE FLUIDOS,,,
250,MECANICA DE FLUIDOS,,,
250,MECANICA DE FLUIDOS,,,
250,MECANICA DE FLUIDOS,,,
252,HIDRAULICA,,,
322,DISE\O ESTRUCTURAL 1,,,
324,DISE\O ESTRUCTURAL 2,,,
458,MECANICA DE SUELOS 1,,,
1035,DIPLOMADO EN MATEMATICAS DE INGENIERIA,,,
300,RESISTENCIA DE MATERIALES 1,,,
302,RESISTENCIA DE MATERIALES 2,,,
453,MATERIALES DE CONSTRUCCION 1,,,
80,TOPOGRAFIA 1,,,
82,TOPOGRAFIA 2,,,
84,TOPOGRAFIA 3,,,
550,VIAS TERRESTRES 1,,,
550,VIAS TERRESTRES 1,,,
1035,DIPLOMADO EN MATEMATICAS DE INGENIERIA,,,
250,MECANICA DE FLUIDOS,,,
300,RESISTENCIA DE MATERIALES 1,,,
1035,DIPLOMADO EN MATEMATICAS DE INGENIERIA,,,
250,MECANICA DE FLUIDOS,,,
300,RESISTENCIA DE MATERIALES 1,,,
250,MECANICA DE FLUIDOS,,,
300,RESISTENCIA DE MATERIALES 1,,,
1035,DIPLOMADO EN MATEMATICAS DE INGENIERIA,,,
250,MECANICA DE FLUIDOS,,,
300,RESISTENCIA DE MATERIALES 1,,,
1035,DIPLOMADO EN MATEMATICAS DE INGENIERIA,,,
300,RESISTENCIA DE MATERIALES 1,,,
1035,DIPLOMADO EN MATEMATICAS DE INGENIERIA,,,
300,RESISTENCIA DE MATERIALES 1,,,
1035,DIPLOMADO EN MATEMATICAS DE INGENIERIA,,,
1035,DIPLOMADO EN MATEMATICAS DE INGENIERIA,,,
1035,DIPLOMADO EN MATEMATICAS DE INGENIERIA,,,
1035,DIPLOMADO EN MATEMATICAS DE INGENIERIA,,,
1035,DIPLOMADO EN MATEMATICAS DE INGENIERIA,,,
252,HIDRAULICA,,,
322,DISE\O ESTRUCTURAL 1,,,
458,MECANICA DE SUELOS 1,,,
1035,DIPLOMADO EN MATEMATICAS DE INGENIERIA,,,
84,TOPOGRAFIA 3,,,
300,RESISTENCIA DE MATERIALES 1,,,
302,RESISTENCIA DE MATERIALES 2,,,
453,MATERIALES DE CONSTRUCCION 1,,,
80,TOPOGRAFIA 1,,,
82,TOPOGRAFIA 2,,,
1035,DIPLOMADO EN MATEMATICAS DE INGENIERIA,,,
1035,DIPLOMADO EN MATEMATICAS DE INGENIERIA,,,
1035,DIPLOMADO EN MATEMATICAS DE INGENIERIA,,,
1035,DIPLOMADO EN MATEMATICAS DE INGENIERIA,,,
1035,DIPLOMADO EN MATEMATICAS DE INGENIERIA,,,
1035,DIPLOMADO EN MATEMATICAS DE INGENIERIA,,,
1035,DIPLOMADO EN MATEMATICAS DE INGENIERIA,,,
252,HIDRAULICA,,,
458,MECANICA DE SUELOS 1,,,
1035,DIPLOMADO EN MATEMATICAS DE INGENIERIA,,,
300,RESISTENCIA DE MATERIALES 1,,,
302,RESISTENCIA DE MATERIALES 2,,,
455,MATERIALES DE CONSTRUCCION 2,,,
80,TOPOGRAFIA 1,,,
82,TOPOGRAFIA 2,,,
252,HIDRAULICA,,,
458,MECANICA DE SUELOS 1,,,
300,RESISTENCIA DE MATERIALES 1,,,
302,RESISTENCIA DE MATERIALES 2,,,
453,MATERIALES DE CONSTRUCCION 1,,,
80,TOPOGRAFIA 1,,,
82,TOPOGRAFIA 2,,,
82,TOPOGRAFIA 2,,,
252,HIDRAULICA,,,
1035,DIPLOMADO EN MATEMATICAS DE INGENIERIA,,,
300,RESISTENCIA DE MATERIALES 1,,,
302,RESISTENCIA DE MATERIALES 2,,,
453,MATERIALES DE CONSTRUCCION 1,,,
80,TOPOGRAFIA 1,,,
252,HIDRAULICA,,,
1035,DIPLOMADO EN MATEMATICAS DE INGENIERIA,,,
300,RESISTENCIA DE MATERIALES 1,,,
302,RESISTENCIA DE MATERIALES 2,,,
455,MATERIALES DE CONSTRUCCION 2,,,
80,TOPOGRAFIA 1,,,
80,TOPOGRAFIA 1,,,
252,HIDRAULICA,,,
1035,DIPLOMADO EN MATEMATICAS DE INGENIERIA,,,
300,RESISTENCIA DE MATERIALES 1,,,
1035,DIPLOMADO EN MATEMATICAS DE INGENIERIA,,,
300,RESISTENCIA DE MATERIALES 1,,,
1035,DIPLOMADO EN MATEMATICAS DE INGENIERIA,,,
300,RESISTENCIA DE MATERIALES 1,,,
236,SISTEMAS DE CONTROL 1,,,
246,ELECTRONICA 3,,,
522,PROCESOS DE MANUFACTURA 2,,,
80,TOPOGRAFIA 1,,,
82,TOPOGRAFIA 2,,,
200,INGENIERIA ELECTRICA 1,,,
202,INGENIERIA ELECTRICA 2,,,
204,CIRCUITOS ELECTRICOS 1,,,
206,CIRCUITOS ELECTRICOS 2,,,
208,INSTALACIONES ELECTRICAS,,,
210,TEORIA ELECTROMAGNETICA 1,,,
230,INSTRUMENTACION ELECTRICA,,,
232,ELECTRONICA  1,,,
235,ROBOTICA,,,
236,SISTEMAS DE CONTROL 1,,,
240,ELECTRONICA 2,,,
242,COMUNICACIONES 1,,,
243,COMUNICACIONES 4,,,
244,COMUNICACIONES 2,,,
245,COMUNICACIONES 3,,,
246,ELECTRONICA 3,,,
248,ELECTRONICA 5,,,
249,ELECTRONICA 6,,,
258,MAQUINAS HIDRAULICAS,,,
354,QUIMICA 3,,,
358,QUIMICA ORGANICA 1,,,
360,QUIMICA ORGANICA 2,,,
362,ANALISIS CUALITATIVO,,,
364,ANALISIS CUANTITATIVO,,,
366,ANALISIS INSTRUMENTAL,,,
440,MICROBIOLOGIA,,,
454,METALURGIA Y METALOGRAFIA,,,
462,ELECTRICIDAD Y ELECTRONICA BASICA,,,
502,REFRIGERACION Y AIRE ACONDICIONADO,,,
504,MOTORES DE COMBUSTION INTERNA,,,
510,INSTALACIONES MECANICAS,,,
520,PROCESOS DE MANUFACTURA 1,,,
522,PROCESOS DE MANUFACTURA 2,,,
532,VIBRACIONES,,,
550,VIAS TERRESTRES 1,,,
969,TELECOMUNICACIONES Y REDES LOCALES,,,
250,MECANICA DE FLUIDOS,,,
799,SEMINARIO DE INVESTIGACION,,,
1,ETICA PROFESIONAL,,,
5,TECNICAS DE ESTUDIO E INVESTIGACION,,,
8,IDIOMA TECNICO 2,,,
9,IDIOMA TECNICO 3,,,
17,AREA SOCIAL HUMANISTICA 1,,,
18,FILOSOFIA DE LA CIENCIA,,,
19,AREA SOCIAL HUMANISTICA 2,,,
27,BIOLOGIA,,,
30,GEOGRAFIA,,,
69,AREA TECNICA COMPLEMENTARIA 1,,,
74,DIBUJO CONSTRUCTIVO PARA INGENIERIA,,,
90,PROGRAMACION DE COMPUTADORAS 1,,,
101,AREA MATEMATICA BASICA 1,,,
103,AREA MATEMATICA BASICA 2,,,
107,AREA MATEMATICA INTERMEDIA 1,,,
112,AREA MATEMATICA INTERMEDIA 2,,,
114,AREA MATEMATICA INTERMEDIA 3,,,
116,MATEMATICA APLICADA 3,,,
118,MATEMATICA APLICADA 1,,,
123,MATEMATICA APLICADA 5,,,
147,FISICA BASICA,,,
152,FISICA 2,,,
154,FISICA 3,,,
170,MECANICA ANALITICA 1,,,
204,CIRCUITOS ELECTRICOS 1,,,
236,SISTEMAS DE CONTROL 1,,,
245,COMUNICACIONES 3,,,
250,MECANICA DE FLUIDOS,,,
252,HIDRAULICA,,,
281,SISTEMAS OPERATIVOS 1,,,
283,ANALISIS Y DISE\O DE SISTEMAS 1,,,
285,SISTEMAS OPERATIVOS 2,,,
285,SISTEMAS OPERATIVOS 2,,,
300,RESISTENCIA DE MATERIALES 1,,,
302,RESISTENCIA DE MATERIALES 2,,,
302,RESISTENCIA DE MATERIALES 2,,,
314,CONCRETO ARMADO 1,,,
318,CIMENTACIONES 1,,,
352,QUIMICA 2,,,
358,QUIMICA ORGANICA 1,,,
360,QUIMICA ORGANICA 2,,,
366,ANALISIS INSTRUMENTAL,,,
366,ANALISIS INSTRUMENTAL,,,
380,FISICO QUIMICA 1,,,
382,FISICO QUIMICA 2,,,
386,LABORATORIO DE FISICO QUIMICA 1,,,
388,LABORATORIO DE FISICO QUIMICA 2,,,
392,TERMODINAMICA 2,,,
394,TERMODINAMICA 3,,,
410,BALANCE DE MASA Y ENERGIA,,,
412,FLUJO DE FLUIDOS,,,
428,LABORATORIO DE INGENIERIA QUIMICA 1,,,
430,LABORATORIO DE INGENIERIA QUIMICA 2,,,
450,GEOLOGIA,,,
452,CIENCIA DE LOS MATERIALES,,,
453,MATERIALES DE CONSTRUCCION 1,,,
462,ELECTRICIDAD Y ELECTRONICA BASICA,,,
504,MOTORES DE COMBUSTION INTERNA,,,
520,PROCESOS DE MANUFACTURA 1,,,
522,PROCESOS DE MANUFACTURA 2,,,
601,INVESTIGACION DE OPERACIONES I,,,
608,INTROD DE PROYECTOS GERENCIALES,,,
610,INFORMATICA,,,
630,INGENIERIA DE LA PRODUCCION,,,
632,INGENIERIA DE PLANTAS,,,
636,DISE\O PARA LA PRODUCCION,,,
637,DISEÑO INDUSTRIAL,,,
638,CONTROLES INDUSTRIALES,,,
640,CONTROL DE LA PRODUCCION,,,
642,SEGURIDAD E HIGIENE INDUSTRIAL,,,
650,CONTABILIDAD 1,,,
652,CONTABILIDAD 2,,,
654,CONTABILIDAD 3,,,
656,ADMINISTRACION DE EMPRESAS 1,,,
658,ADMINISTRACION DE PERSONAL,,,
660,MERCADOTECNIA 1,,,
662,LEGISLACION 1,,,
663,LEGISLACION AMBIENTAL 1,,,
665,MICROECONOMIA,,,
667,PROGRAMACION COMERCIAL 1,,,
687,GEOLOGIA ESTRUCTURAL,,,
700,INGENIERIA ECONOMICA 1,,,
706,PREPARACION Y EVALUACION DE PROYECTOS 1,,,
708,PREPARACION Y EVALUACION DE PROYECTOS 2,,,
720,MODELACION Y SIMULACION 2,,,
722,TEORIA DE SISTEMAS 1,,,
724,TEORIA DE SISTEMAS 2,,,
724,TEORIA DE SISTEMAS 2,,,
729,MODELACION Y SIMULACION 1,,,
734,ESTADISTICA 2,,,
735,AUDITORIA DE PROYECTOS DE SOFTWARE,,,
736,ANALISIS PROBABILISTICO,,,
770,INTRODUCCION A LA PROGRAMACION Y COMPUTACION 1,,,
771,INTRODUCCION A LA PROGRAMACION Y COMPUTACION 2,,,
772,ESTRUCTURAS DE DATOS,,,
773,MANEJO E IMPLEMENTACION DE ARCHIVOS,,,
775,SISTEMAS DE BASES DE DATOS 2,,,
778,ARQUITECTURA DE COMPUTADORES Y ENSAMBLADORES 1,,,
779,ARQUITECTURA DE COMPUTADORES Y ENSAMBLADORES 2,,,
779,ARQUITECTURA DE COMPUTADORES Y ENSAMBLADORES 2,,,
780,SOFTWARE AVANZADO,,,
781,ORGANIZACION DE LENGUAJES Y COMPILADORES 2,,,
781,ORGANIZACION DE LENGUAJES Y COMPILADORES 2,,,
785,ANALISIS Y DISE\O DE SISTEMAS 2,,,
786,SISTEMAS ORGANIZACIONALES Y GERENCIALES 1,,,
788,SISTEMAS APLICADOS 1,,,
790,EMPRENDEDORES DE NEGOCIOS INFORMATICOS,,,
795,LOGICA DE SISTEMAS,,,
797,SEMINARIO DE SISTEMAS I,,,
798,SEMINARIO DE SISTEMAS 2,,,
799,SEMINARIO DE INVESTIGACION,,,
960,MATEMATICA PARA COMPUTACION 1,,,
962,MATEMATICA PARA COMPUTACION 2,,,
964,ORGANIZACION COMPUTACIONAL,,,
968,INTELIGENCIA ARTIFICIAL 2,,,
970,REDES DE COMPUTADORAS 1,,,
972,INTELIGENCIA ARTIFICIAL 1,,,
1023,DIPLOMADO EN ACONDICIONAMIENTO DEL AGUA EN LA INDUSTRIA,,,
1035,DIPLOMADO EN MATEMATICAS DE INGENIERIA,,,
1059,DIPLOMADO BUENAS PRACTICAS DE MAN EN LA IND FARMA Y ALIMENTICIA,,,
1088,DIPLOMADO REDACCION Y ORTOGRAFIA PARA LA INGENIERIA,,,
2004,PRACTICAS FINALES INGENIERIA ELECTRICA,,,
2005,PRACTICAS FINALES INGENIERIA INDUSTRIAL,,,
2006,PRACTICAS FINALES INGENIERIA MECANICA ELECTRICA,,,
3116,MATEMATICA APLICADA 3 (DIPLOMADO),,,
3118,MATEMATICA APLICADA 1 (DIPLOMADO),,,
3123,MATEMATICA APLICADA 5 (DIPLOMADO),,,
3656,ADMINISTRACION DE EMPRESAS 1 (DIPLOMADO),,,
3658,ADMINISTRACION DE PERSONAL (DIPLOMADO),,,
3662,LEGISLACION 1 (DIPLOMADO),,,
5,TECNICAS DE ESTUDIO E INVESTIGACION,,,
281,SISTEMAS OPERATIVOS 1,,,
283,ANALISIS Y DISE\O DE SISTEMAS 1,,,
285,SISTEMAS OPERATIVOS 2,,,
720,MODELACION Y SIMULACION 2,,,
724,TEORIA DE SISTEMAS 2,,,
729,MODELACION Y SIMULACION 1,,,
770,INTRODUCCION A LA PROGRAMACION Y COMPUTACION 1,,,
771,INTRODUCCION A LA PROGRAMACION Y COMPUTACION 2,,,
772,ESTRUCTURAS DE DATOS,,,
773,MANEJO E IMPLEMENTACION DE ARCHIVOS,,,
775,SISTEMAS DE BASES DE DATOS 2,,,
778,ARQUITECTURA DE COMPUTADORES Y ENSAMBLADORES 1,,,
779,ARQUITECTURA DE COMPUTADORES Y ENSAMBLADORES 2,,,
780,SOFTWARE AVANZADO,,,
781,ORGANIZACION DE LENGUAJES Y COMPILADORES 2,,,
785,ANALISIS Y DISE\O DE SISTEMAS 2,,,
786,SISTEMAS ORGANIZACIONALES Y GERENCIALES 1,,,
797,SEMINARIO DE SISTEMAS I,,,
798,SEMINARIO DE SISTEMAS 2,,,
964,ORGANIZACION COMPUTACIONAL,,,
970,REDES DE COMPUTADORAS 1,,,
972,INTELIGENCIA ARTIFICIAL 1,,,
392,TERMODINAMICA 2,,,
90,PROGRAMACION DE COMPUTADORAS 1,,,
601,INVESTIGACION DE OPERACIONES I,,,
608,INTROD DE PROYECTOS GERENCIALES,,,
630,INGENIERIA DE LA PRODUCCION,,,
632,INGENIERIA DE PLANTAS,,,
636,DISE\O PARA LA PRODUCCION,,,xxx
637,DISEÑO INDUSTRIAL,,,xxx
638,CONTROLES INDUSTRIALES,,,
640,CONTROL DE LA PRODUCCION,,,
650,CONTABILIDAD 1,,,
652,CONTABILIDAD 2,,,
654,CONTABILIDAD 3,,,
658,ADMINISTRACION DE PERSONAL,,,
660,MERCADOTECNIA 1,,,
665,MICROECONOMIA,,,
667,PROGRAMACION COMERCIAL 1,,,
734,ESTADISTICA 2,,,
736,ANALISIS PROBABILISTICO,,,
14,ECONOMIA,,,
22,PSICOLOGIA INDUSTRIAL,,,
28,ECOLOGIA,,,
80,TOPOGRAFIA 1,,,
82,TOPOGRAFIA 2,,,
150,FISICA 1,,,
362,ANALISIS CUALITATIVO,,,
603,INVESTIGACION DE OPERACIONES II,,,
664,LEGISLACION 2,,,
732,ESTADISTICA 1,,,
796,LENGUAJES FORMALES Y DE PROGRAMACION,,,
2025,PRACTICAS INICIALES,,,
2036,PRACTICAS INTERMEDIAS,,,
3022,PSICOLOGIA INDUSTRIAL (DIPLOMADO),,,
3664,LEGISLACION 2 (DIPLOMADO),,,
796,LENGUAJES FORMALES Y DE PROGRAMACION,,,
603,INVESTIGACION DE OPERACIONES II,,,
732,ESTADISTICA 1,,,
14,ECONOMIA,,,
22,PSICOLOGIA INDUSTRIAL,,,
28,ECOLOGIA,,,
80,TOPOGRAFIA 1,,,
82,TOPOGRAFIA 2,,,
150,FISICA 1,,,
362,ANALISIS CUALITATIVO,,,
603,INVESTIGACION DE OPERACIONES II,,,
664,LEGISLACION 2,,,
732,ESTADISTICA 1,,,
796,LENGUAJES FORMALES Y DE PROGRAMACION,,,
2025,PRACTICAS INICIALES,,,
2036,PRACTICAS INTERMEDIAS,,,
3022,PSICOLOGIA INDUSTRIAL (DIPLOMADO),,,
3664,LEGISLACION 2 (DIPLOMADO),,,
796,LENGUAJES FORMALES Y DE PROGRAMACION,,,
603,INVESTIGACION DE OPERACIONES II,,,
732,ESTADISTICA 1,,,
354,QUIMICA 3,,,
9000,P.A.P. DE MATEMATICA PARA INGENIERIA,,,
147,FISICA BASICA,,,
150,FISICA 1,,,
152,FISICA 2,,,
154,FISICA 3,,,
156,FISICA 4,,,
352,QUIMICA 2,,,
522,PROCESOS DE MANUFACTURA 2,,,
354,QUIMICA 3,,,
147,FISICA BASICA,,,
150,FISICA 1,,,
152,FISICA 2,,,
154,FISICA 3,,,
354,QUIMICA 3,,,
150,FISICA 1,,,
236,SISTEMAS DE CONTROL 1,,,
246,ELECTRONICA 3,,,
522,PROCESOS DE MANUFACTURA 2,,,
80,TOPOGRAFIA 1,,,
82,TOPOGRAFIA 2,,,
200,INGENIERIA ELECTRICA 1,,,
202,INGENIERIA ELECTRICA 2,,,
204,CIRCUITOS ELECTRICOS 1,,,
206,CIRCUITOS ELECTRICOS 2,,,
208,INSTALACIONES ELECTRICAS,,,
210,TEORIA ELECTROMAGNETICA 1,,,
230,INSTRUMENTACION ELECTRICA,,,
232,ELECTRONICA  1,,,
234,ELECTRONICA 4,,,
235,ROBOTICA,,,
236,SISTEMAS DE CONTROL 1,,,
240,ELECTRONICA 2,,,
242,COMUNICACIONES 1,,,
243,COMUNICACIONES 4,,,
244,COMUNICACIONES 2,,,
245,COMUNICACIONES 3,,,
246,ELECTRONICA 3,,,
248,ELECTRONICA 5,,,
249,ELECTRONICA 6,,,
258,MAQUINAS HIDRAULICAS,,,
354,QUIMICA 3,,,
358,QUIMICA ORGANICA 1,,,
360,QUIMICA ORGANICA 2,,,
362,ANALISIS CUALITATIVO,,,
454,METALURGIA Y METALOGRAFIA,,,
462,ELECTRICIDAD Y ELECTRONICA BASICA,,,
502,REFRIGERACION Y AIRE ACONDICIONADO,,,
504,MOTORES DE COMBUSTION INTERNA,,,
510,INSTALACIONES MECANICAS,,,
520,PROCESOS DE MANUFACTURA 1,,,
522,PROCESOS DE MANUFACTURA 2,,,
532,VIBRACIONES,,,
550,VIAS TERRESTRES 1,,,
969,TELECOMUNICACIONES Y REDES LOCALES,,,
250,MECANICA DE FLUIDOS,,,
5,TECNICAS DE ESTUDIO E INVESTIGACION,,,
17,AREA SOCIAL HUMANISTICA 1,,,
18,FILOSOFIA DE LA CIENCIA,,,
19,AREA SOCIAL HUMANISTICA 2,,,
30,GEOGRAFIA,,,
39,DEPORTES 1,,,
69,AREA TECNICA COMPLEMENTARIA 1,,,
101,AREA MATEMATICA BASICA 1,,,
103,AREA MATEMATICA BASICA 2,,,
107,AREA MATEMATICA INTERMEDIA 1,,,
112,AREA MATEMATICA INTERMEDIA 2,,,
114,AREA MATEMATICA INTERMEDIA 3,,,
116,MATEMATICA APLICADA 3,,,
118,MATEMATICA APLICADA 1,,,
147,FISICA BASICA,,,
250,MECANICA DE FLUIDOS,,,
283,ANALISIS Y DISE\O DE SISTEMAS 1,,,
300,RESISTENCIA DE MATERIALES 1,,,
300,RESISTENCIA DE MATERIALES 1,,,
348,QUIMICA GENERAL 1,,,
386,LABORATORIO DE FISICO QUIMICA 1,,,
388,LABORATORIO DE FISICO QUIMICA 2,,,
410,BALANCE DE MASA Y ENERGIA,,,
428,LABORATORIO DE INGENIERIA QUIMICA 1,,,
603,INVESTIGACION DE OPERACIONES II,,,
608,INTROD DE PROYECTOS GERENCIALES,,,
632,INGENIERIA DE PLANTAS,,,
640,CONTROL DE LA PRODUCCION,,,
660,MERCADOTECNIA 1,,,
700,INGENIERIA ECONOMICA 1,,,
720,MODELACION Y SIMULACION 2,,,
734,ESTADISTICA 2,,,
770,INTRODUCCION A LA PROGRAMACION Y COMPUTACION 1,,,
771,INTRODUCCION A LA PROGRAMACION Y COMPUTACION 2,,,
772,ESTRUCTURAS DE DATOS,,,
773,MANEJO E IMPLEMENTACION DE ARCHIVOS,,,
774,SISTEMAS DE BASES DE DATOS 1,,,
775,SISTEMAS DE BASES DE DATOS 2,,,
777,ORGANIZACION DE LENGUAJES Y COMPILADORES 1,,,
778,ARQUITECTURA DE COMPUTADORES Y ENSAMBLADORES 1,,,
779,ARQUITECTURA DE COMPUTADORES Y ENSAMBLADORES 2,,,
780,SOFTWARE AVANZADO,,,
781,ORGANIZACION DE LENGUAJES Y COMPILADORES 2,,,
785,ANALISIS Y DISE\O DE SISTEMAS 2,,,
795,LOGICA DE SISTEMAS,,,
797,SEMINARIO DE SISTEMAS I,,,
799,SEMINARIO DE INVESTIGACION,,,
960,MATEMATICA PARA COMPUTACION 1,,,
964,ORGANIZACION COMPUTACIONAL,,,
1035,DIPLOMADO EN MATEMATICAS DE INGENIERIA,,,
2005,PRACTICAS FINALES INGENIERIA INDUSTRIAL,,,
2013,PRACTICAS FINALES INGENIERIA ELECTRONICA,,,
2036,PRACTICAS INTERMEDIAS,,,
3116,MATEMATICA APLICADA 3 (DIPLOMADO),,,
3118,MATEMATICA APLICADA 1 (DIPLOMADO),,,
5,TECNICAS DE ESTUDIO E INVESTIGACION,,,
283,ANALISIS Y DISE\O DE SISTEMAS 1,,,
720,MODELACION Y SIMULACION 2,,,
770,INTRODUCCION A LA PROGRAMACION Y COMPUTACION 1,,,
771,INTRODUCCION A LA PROGRAMACION Y COMPUTACION 2,,,
772,ESTRUCTURAS DE DATOS,,,
773,MANEJO E IMPLEMENTACION DE ARCHIVOS,,,
774,SISTEMAS DE BASES DE DATOS 1,,,
775,SISTEMAS DE BASES DE DATOS 2,,,
777,ORGANIZACION DE LENGUAJES Y COMPILADORES 1,,,
778,ARQUITECTURA DE COMPUTADORES Y ENSAMBLADORES 1,,,
779,ARQUITECTURA DE COMPUTADORES Y ENSAMBLADORES 2,,,
780,SOFTWARE AVANZADO,,,
781,ORGANIZACION DE LENGUAJES Y COMPILADORES 2,,,
785,ANALISIS Y DISE\O DE SISTEMAS 2,,,
797,SEMINARIO DE SISTEMAS I,,,
964,ORGANIZACION COMPUTACIONAL,,,
603,INVESTIGACION DE OPERACIONES II,,,
608,INTROD DE PROYECTOS GERENCIALES,,,
632,INGENIERIA DE PLANTAS,,,
640,CONTROL DE LA PRODUCCION,,,
660,MERCADOTECNIA 1,,,
734,ESTADISTICA 2,,,
22,PSICOLOGIA INDUSTRIAL,,,
150,FISICA 1,,,
152,FISICA 2,,,
170,MECANICA ANALITICA 1,,,
349,QUIMICA PARA INGENIERIA CIVIL,,,
601,INVESTIGACION DE OPERACIONES I,,,
662,LEGISLACION 1,,,
732,ESTADISTICA 1,,,
796,LENGUAJES FORMALES Y DE PROGRAMACION,,,
2025,PRACTICAS INICIALES,,,
3022,PSICOLOGIA INDUSTRIAL (DIPLOMADO),,,
3662,LEGISLACION 1 (DIPLOMADO),,,
796,LENGUAJES FORMALES Y DE PROGRAMACION,,,
601,INVESTIGACION DE OPERACIONES I,,,
732,ESTADISTICA 1,,,
22,PSICOLOGIA INDUSTRIAL,,,
150,FISICA 1,,,
152,FISICA 2,,,
170,MECANICA ANALITICA 1,,,
349,QUIMICA PARA INGENIERIA CIVIL,,,
601,INVESTIGACION DE OPERACIONES I,,,
662,LEGISLACION 1,,,
732,ESTADISTICA 1,,,
796,LENGUAJES FORMALES Y DE PROGRAMACION,,,
2025,PRACTICAS INICIALES,,,
3022,PSICOLOGIA INDUSTRIAL (DIPLOMADO),,,
3662,LEGISLACION 1 (DIPLOMADO),,,
796,LENGUAJES FORMALES Y DE PROGRAMACION,,,
601,INVESTIGACION DE OPERACIONES I,,,
732,ESTADISTICA 1,,,
9000,P.A.P. DE MATEMATICA PARA INGENIERIA,,,
147,FISICA BASICA,,,
150,FISICA 1,,,
152,FISICA 2,,,
348,QUIMICA GENERAL 1,,,
349,QUIMICA PARA INGENIERIA CIVIL,,,
522,PROCESOS DE MANUFACTURA 2,,,
147,FISICA BASICA,,,
150,FISICA 1,,,
152,FISICA 2,,,
348,QUIMICA GENERAL 1,,,
349,QUIMICA PARA INGENIERIA CIVIL,,,
147,FISICA BASICA,,,
150,FISICA 1,,,
236,SISTEMAS DE CONTROL 1,,,
246,ELECTRONICA 3,,,
522,PROCESOS DE MANUFACTURA 2,,,
80,TOPOGRAFIA 1,,,
82,TOPOGRAFIA 2,,,
200,INGENIERIA ELECTRICA 1,,,
202,INGENIERIA ELECTRICA 2,,,
204,CIRCUITOS ELECTRICOS 1,,,
206,CIRCUITOS ELECTRICOS 2,,,
208,INSTALACIONES ELECTRICAS,,,
210,TEORIA ELECTROMAGNETICA 1,,,
230,INSTRUMENTACION ELECTRICA,,,
232,ELECTRONICA  1,,,
234,ELECTRONICA 4,,,
236,SISTEMAS DE CONTROL 1,,,
240,ELECTRONICA 2,,,
243,COMUNICACIONES 4,,,
245,COMUNICACIONES 3,,,
246,ELECTRONICA 3,,,
248,ELECTRONICA 5,,,
258,MAQUINAS HIDRAULICAS,,,
354,QUIMICA 3,,,
358,QUIMICA ORGANICA 1,,,
362,ANALISIS CUALITATIVO,,,
454,METALURGIA Y METALOGRAFIA,,,
462,ELECTRICIDAD Y ELECTRONICA BASICA,,,
502,REFRIGERACION Y AIRE ACONDICIONADO,,,
504,MOTORES DE COMBUSTION INTERNA,,,
510,INSTALACIONES MECANICAS,,,
520,PROCESOS DE MANUFACTURA 1,,,
522,PROCESOS DE MANUFACTURA 2,,,
532,VIBRACIONES,,,
250,MECANICA DE FLUIDOS,,,
5,TECNICAS DE ESTUDIO E INVESTIGACION,,,
17,AREA SOCIAL HUMANISTICA 1,,,
19,AREA SOCIAL HUMANISTICA 2,,,
69,AREA TECNICA COMPLEMENTARIA 1,,,
101,AREA MATEMATICA BASICA 1,,,
112,AREA MATEMATICA INTERMEDIA 2,,,
114,AREA MATEMATICA INTERMEDIA 3,,,
116,MATEMATICA APLICADA 3,,,
150,FISICA 1,,,
152,FISICA 2,,,
610,INFORMATICA,,,
632,INGENIERIA DE PLANTAS,,,
634,INGENIERIA DE METODOS,,,
700,INGENIERIA ECONOMICA 1,,,
700,INGENIERIA ECONOMICA 1,,,
770,INTRODUCCION A LA PROGRAMACION Y COMPUTACION 1,,,
771,INTRODUCCION A LA PROGRAMACION Y COMPUTACION 2,,,
772,ESTRUCTURAS DE DATOS,,,
773,MANEJO E IMPLEMENTACION DE ARCHIVOS,,,
777,ORGANIZACION DE LENGUAJES Y COMPILADORES 1,,,
795,LOGICA DE SISTEMAS,,,
799,SEMINARIO DE INVESTIGACION,,,
964,ORGANIZACION COMPUTACIONAL,,,
1035,DIPLOMADO EN MATEMATICAS DE INGENIERIA,,,
2009,PRACTICAS FINALES INGENIERIA CIENCIAS Y SISTEMAS,,,
2025,PRACTICAS INICIALES,,,
2036,PRACTICAS INTERMEDIAS,,,
3116,MATEMATICA APLICADA 3 (DIPLOMADO),,,
5,TECNICAS DE ESTUDIO E INVESTIGACION,,,
770,INTRODUCCION A LA PROGRAMACION Y COMPUTACION 1,,,
771,INTRODUCCION A LA PROGRAMACION Y COMPUTACION 2,,,
772,ESTRUCTURAS DE DATOS,,,
773,MANEJO E IMPLEMENTACION DE ARCHIVOS,,,
777,ORGANIZACION DE LENGUAJES Y COMPILADORES 1,,,
964,ORGANIZACION COMPUTACIONAL,,,
632,INGENIERIA DE PLANTAS,,,
634,INGENIERIA DE METODOS,,,
147,FISICA BASICA,,,
732,ESTADISTICA 1,,,
732,ESTADISTICA 1,,,
147,FISICA BASICA,,,
732,ESTADISTICA 1,,,
732,ESTADISTICA 1,,,
9000,P.A.P. DE MATEMATICA PARA INGENIERIA,,,
147,FISICA BASICA,,,
150,FISICA 1,,,
152,FISICA 2,,,
522,PROCESOS DE MANUFACTURA 2,,,
147,FISICA BASICA,,,
150,FISICA 1,,,
152,FISICA 2,,,
150,FISICA 1,,,
152,FISICA 2,,,
522,PROCESOS DE MANUFACTURA 2,,,
80,TOPOGRAFIA 1,,,
200,INGENIERIA ELECTRICA 1,,,
202,INGENIERIA ELECTRICA 2,,,
204,CIRCUITOS ELECTRICOS 1,,,
206,CIRCUITOS ELECTRICOS 2,,,
210,TEORIA ELECTROMAGNETICA 1,,,
230,INSTRUMENTACION ELECTRICA,,,
236,SISTEMAS DE CONTROL 1,,,
243,COMUNICACIONES 4,,,
246,ELECTRONICA 3,,,
258,MAQUINAS HIDRAULICAS,,,
354,QUIMICA 3,,,
358,QUIMICA ORGANICA 1,,,
362,ANALISIS CUALITATIVO,,,
454,METALURGIA Y METALOGRAFIA,,,
462,ELECTRICIDAD Y ELECTRONICA BASICA,,,
502,REFRIGERACION Y AIRE ACONDICIONADO,,,
504,MOTORES DE COMBUSTION INTERNA,,,
510,INSTALACIONES MECANICAS,,,
520,PROCESOS DE MANUFACTURA 1,,,
522,PROCESOS DE MANUFACTURA 2,,,
532,VIBRACIONES,,,
250,MECANICA DE FLUIDOS,,,
5,TECNICAS DE ESTUDIO E INVESTIGACION,,,
17,AREA SOCIAL HUMANISTICA 1,,,
18,FILOSOFIA DE LA CIENCIA,,,
39,DEPORTES 1,,,
69,AREA TECNICA COMPLEMENTARIA 1,,,
101,AREA MATEMATICA BASICA 1,,,
107,AREA MATEMATICA INTERMEDIA 1,,,
112,AREA MATEMATICA INTERMEDIA 2,,,
114,AREA MATEMATICA INTERMEDIA 3,,,
250,MECANICA DE FLUIDOS,,,
348,QUIMICA GENERAL 1,,,
700,INGENIERIA ECONOMICA 1,,,
700,INGENIERIA ECONOMICA 1,,,
732,ESTADISTICA 1,,,
770,INTRODUCCION A LA PROGRAMACION Y COMPUTACION 1,,,
773,MANEJO E IMPLEMENTACION DE ARCHIVOS,,,
1035,DIPLOMADO EN MATEMATICAS DE INGENIERIA,,,
2003,PRACTICAS FINALES INGENIERIA MECANICA,,,
2036,PRACTICAS INTERMEDIAS,,,
5,TECNICAS DE ESTUDIO E INVESTIGACION,,,
770,INTRODUCCION A LA PROGRAMACION Y COMPUTACION 1,,,
773,MANEJO E IMPLEMENTACION DE ARCHIVOS,,,
732,ESTADISTICA 1,,,
147,FISICA BASICA,,,
2025,PRACTICAS INICIALES,,,
147,FISICA BASICA,,,
2025,PRACTICAS INICIALES,,,
9000,P.A.P. DE MATEMATICA PARA INGENIERIA,,,
147,FISICA BASICA,,,
150,FISICA 1,,,
152,FISICA 2,,,
348,QUIMICA GENERAL 1,,,
522,PROCESOS DE MANUFACTURA 2,,,
147,FISICA BASICA,,,
150,FISICA 1,,,
152,FISICA 2,,,
348,QUIMICA GENERAL 1,,,
150,FISICA 1,,,
348,QUIMICA GENERAL 1,,,
348,QUIMICA GENERAL 1,,,
348,QUIMICA GENERAL 1,,,
236,SISTEMAS DE CONTROL 1,,,
522,PROCESOS DE MANUFACTURA 2,,,
200,INGENIERIA ELECTRICA 1,,,
202,INGENIERIA ELECTRICA 2,,,
204,CIRCUITOS ELECTRICOS 1,,,
210,TEORIA ELECTROMAGNETICA 1,,,
230,INSTRUMENTACION ELECTRICA,,,
236,SISTEMAS DE CONTROL 1,,,
258,MAQUINAS HIDRAULICAS,,,
354,QUIMICA 3,,,
358,QUIMICA ORGANICA 1,,,
454,METALURGIA Y METALOGRAFIA,,,
462,ELECTRICIDAD Y ELECTRONICA BASICA,,,
502,REFRIGERACION Y AIRE ACONDICIONADO,,,
504,MOTORES DE COMBUSTION INTERNA,,,
510,INSTALACIONES MECANICAS,,,
520,PROCESOS DE MANUFACTURA 1,,,
522,PROCESOS DE MANUFACTURA 2,,,
532,VIBRACIONES,,,
250,MECANICA DE FLUIDOS,,,
17,AREA SOCIAL HUMANISTICA 1,,,
18,FILOSOFIA DE LA CIENCIA,,,
39,DEPORTES 1,,,
69,AREA TECNICA COMPLEMENTARIA 1,,,
101,AREA MATEMATICA BASICA 1,,,
103,AREA MATEMATICA BASICA 2,,,
107,AREA MATEMATICA INTERMEDIA 1,,,
112,AREA MATEMATICA INTERMEDIA 2,,,
114,AREA MATEMATICA INTERMEDIA 3,,,
770,INTRODUCCION A LA PROGRAMACION Y COMPUTACION 1,,,
2003,PRACTICAS FINALES INGENIERIA MECANICA,,,
2025,PRACTICAS INICIALES,,,
770,INTRODUCCION A LA PROGRAMACION Y COMPUTACION 1,,,
150,FISICA 1,,,
348,QUIMICA GENERAL 1,,,
150,FISICA 1,,,
348,QUIMICA GENERAL 1,,,
147,FISICA BASICA,,,
150,FISICA 1,,,
152,FISICA 2,,,
348,QUIMICA GENERAL 1,,,
522,PROCESOS DE MANUFACTURA 2,,,
147,FISICA BASICA,,,
150,FISICA 1,,,
152,FISICA 2,,,
348,QUIMICA GENERAL 1,,,
147,FISICA BASICA,,,
348,QUIMICA GENERAL 1,,,
348,QUIMICA GENERAL 1,,,
6,IDIOMA TECNICO 1,,,
522,PROCESOS DE MANUFACTURA 2,,,
200,INGENIERIA ELECTRICA 1,,,
202,INGENIERIA ELECTRICA 2,,,
204,CIRCUITOS ELECTRICOS 1,,,
232,ELECTRONICA  1,,,
246,ELECTRONICA 3,,,
258,MAQUINAS HIDRAULICAS,,,
358,QUIMICA ORGANICA 1,,,
362,ANALISIS CUALITATIVO,,,
504,MOTORES DE COMBUSTION INTERNA,,,
520,PROCESOS DE MANUFACTURA 1,,,
522,PROCESOS DE MANUFACTURA 2,,,
5,TECNICAS DE ESTUDIO E INVESTIGACION,,,
6,IDIOMA TECNICO 1,,,
17,AREA SOCIAL HUMANISTICA 1,,,
18,FILOSOFIA DE LA CIENCIA,,,
39,DEPORTES 1,,,
69,AREA TECNICA COMPLEMENTARIA 1,,,
101,AREA MATEMATICA BASICA 1,,,
103,AREA MATEMATICA BASICA 2,,,
107,AREA MATEMATICA INTERMEDIA 1,,,
112,AREA MATEMATICA INTERMEDIA 2,,,
770,INTRODUCCION A LA PROGRAMACION Y COMPUTACION 1,,,
1035,DIPLOMADO EN MATEMATICAS DE INGENIERIA,,,
2003,PRACTICAS FINALES INGENIERIA MECANICA,,,
5,TECNICAS DE ESTUDIO E INVESTIGACION,,,
770,INTRODUCCION A LA PROGRAMACION Y COMPUTACION 1,,,
150,FISICA 1,,,
2025,PRACTICAS INICIALES,,,
150,FISICA 1,,,
2025,PRACTICAS INICIALES,,,
147,FISICA BASICA,,,
152,FISICA 2,,,
522,PROCESOS DE MANUFACTURA 2,,,
147,FISICA BASICA,,,
147,FISICA BASICA,,,
522,PROCESOS DE MANUFACTURA 2,,,
200,INGENIERIA ELECTRICA 1,,,
202,INGENIERIA ELECTRICA 2,,,
232,ELECTRONICA  1,,,
236,SISTEMAS DE CONTROL 1,,,
246,ELECTRONICA 3,,,
258,MAQUINAS HIDRAULICAS,,,
354,QUIMICA 3,,,
358,QUIMICA ORGANICA 1,,,
362,ANALISIS CUALITATIVO,,,
462,ELECTRICIDAD Y ELECTRONICA BASICA,,,
504,MOTORES DE COMBUSTION INTERNA,,,
520,PROCESOS DE MANUFACTURA 1,,,
522,PROCESOS DE MANUFACTURA 2,,,
5,TECNICAS DE ESTUDIO E INVESTIGACION,,,
6,IDIOMA TECNICO 1,,,
17,AREA SOCIAL HUMANISTICA 1,,,
39,DEPORTES 1,,,
69,AREA TECNICA COMPLEMENTARIA 1,,,
101,AREA MATEMATICA BASICA 1,,,
103,AREA MATEMATICA BASICA 2,,,
107,AREA MATEMATICA INTERMEDIA 1,,,
114,AREA MATEMATICA INTERMEDIA 3,,,
150,FISICA 1,,,
770,INTRODUCCION A LA PROGRAMACION Y COMPUTACION 1,,,
1035,DIPLOMADO EN MATEMATICAS DE INGENIERIA,,,
2003,PRACTICAS FINALES INGENIERIA MECANICA,,,
5,TECNICAS DE ESTUDIO E INVESTIGACION,,,
770,INTRODUCCION A LA PROGRAMACION Y COMPUTACION 1,,,
147,FISICA BASICA,,,
150,FISICA 1,,,
522,PROCESOS DE MANUFACTURA 2,,,
150,FISICA 1,,,
522,PROCESOS DE MANUFACTURA 2,,,
200,INGENIERIA ELECTRICA 1,,,
236,SISTEMAS DE CONTROL 1,,,
246,ELECTRONICA 3,,,
258,MAQUINAS HIDRAULICAS,,,
354,QUIMICA 3,,,
362,ANALISIS CUALITATIVO,,,
504,MOTORES DE COMBUSTION INTERNA,,,
520,PROCESOS DE MANUFACTURA 1,,,
522,PROCESOS DE MANUFACTURA 2,,,
5,TECNICAS DE ESTUDIO E INVESTIGACION,,,
17,AREA SOCIAL HUMANISTICA 1,,,
39,DEPORTES 1,,,
69,AREA TECNICA COMPLEMENTARIA 1,,,
101,AREA MATEMATICA BASICA 1,,,
107,AREA MATEMATICA INTERMEDIA 1,,,
348,QUIMICA GENERAL 1,,,
1035,DIPLOMADO EN MATEMATICAS DE INGENIERIA,,,
2005,PRACTICAS FINALES INGENIERIA INDUSTRIAL,,,
2007,PRACTICAS FINALES INGENIERIA MECANICA INDUSTRIAL,,,
5,TECNICAS DE ESTUDIO E INVESTIGACION,,,
150,FISICA 1,,,
348,QUIMICA GENERAL 1,,,
522,PROCESOS DE MANUFACTURA 2,,,
150,FISICA 1,,,
348,QUIMICA GENERAL 1,,,
522,PROCESOS DE MANUFACTURA 2,,,
200,INGENIERIA ELECTRICA 1,,,
202,INGENIERIA ELECTRICA 2,,,
462,ELECTRICIDAD Y ELECTRONICA BASICA,,,
504,MOTORES DE COMBUSTION INTERNA,,,
520,PROCESOS DE MANUFACTURA 1,,,
522,PROCESOS DE MANUFACTURA 2,,,
17,AREA SOCIAL HUMANISTICA 1,,,
39,DEPORTES 1,,,
69,AREA TECNICA COMPLEMENTARIA 1,,,
101,AREA MATEMATICA BASICA 1,,,
107,AREA MATEMATICA INTERMEDIA 1,,,
348,QUIMICA GENERAL 1,,,
1035,DIPLOMADO EN MATEMATICAS DE INGENIERIA,,,
2005,PRACTICAS FINALES INGENIERIA INDUSTRIAL,,,
348,QUIMICA GENERAL 1,,,
348,QUIMICA GENERAL 1,,,
522,PROCESOS DE MANUFACTURA 2,,,
200,INGENIERIA ELECTRICA 1,,,
202,INGENIERIA ELECTRICA 2,,,
354,QUIMICA 3,,,
504,MOTORES DE COMBUSTION INTERNA,,,
520,PROCESOS DE MANUFACTURA 1,,,
522,PROCESOS DE MANUFACTURA 2,,,
5,TECNICAS DE ESTUDIO E INVESTIGACION,,,
6,IDIOMA TECNICO 1,,,
17,AREA SOCIAL HUMANISTICA 1,,,
39,DEPORTES 1,,,
101,AREA MATEMATICA BASICA 1,,,
1035,DIPLOMADO EN MATEMATICAS DE INGENIERIA,,,
2005,PRACTICAS FINALES INGENIERIA INDUSTRIAL,,,
5,TECNICAS DE ESTUDIO E INVESTIGACION,,,
522,PROCESOS DE MANUFACTURA 2,,,
200,INGENIERIA ELECTRICA 1,,,
204,CIRCUITOS ELECTRICOS 1,,,
354,QUIMICA 3,,,
520,PROCESOS DE MANUFACTURA 1,,,
522,PROCESOS DE MANUFACTURA 2,,,
5,TECNICAS DE ESTUDIO E INVESTIGACION,,,
6,IDIOMA TECNICO 1,,,
101,AREA MATEMATICA BASICA 1,,,
348,QUIMICA GENERAL 1,,,
1035,DIPLOMADO EN MATEMATICAS DE INGENIERIA,,,
2002,PRACTICAS FINALES INGENIERIA QUIMICA,,,
5,TECNICAS DE ESTUDIO E INVESTIGACION,,,
348,QUIMICA GENERAL 1,,,
348,QUIMICA GENERAL 1,,,
348,QUIMICA GENERAL 1,,,
348,QUIMICA GENERAL 1,,,
522,PROCESOS DE MANUFACTURA 2,,,
200,INGENIERIA ELECTRICA 1,,,
204,CIRCUITOS ELECTRICOS 1,,,
520,PROCESOS DE MANUFACTURA 1,,,
522,PROCESOS DE MANUFACTURA 2,,,
17,AREA SOCIAL HUMANISTICA 1,,,
39,DEPORTES 1,,,
69,AREA TECNICA COMPLEMENTARIA 1,,,
101,AREA MATEMATICA BASICA 1,,,
348,QUIMICA GENERAL 1,,,
1035,DIPLOMADO EN MATEMATICAS DE INGENIERIA,,,
2001,PRACTICAS FINALES INGENIERIA CIVIL,,,
254,HIDROLOGIA,,,
254,HIDROLOGIA,,,
348,QUIMICA GENERAL 1,,,
522,PROCESOS DE MANUFACTURA 2,,,
200,INGENIERIA ELECTRICA 1,,,
6,IDIOMA TECNICO 1,,,
17,AREA SOCIAL HUMANISTICA 1,,,
39,DEPORTES 1,,,
69,AREA TECNICA COMPLEMENTARIA 1,,,
101,AREA MATEMATICA BASICA 1,,,
103,AREA MATEMATICA BASICA 2,,,
112,AREA MATEMATICA INTERMEDIA 2,,,
114,AREA MATEMATICA INTERMEDIA 3,,,
252,HIDRAULICA,,,
288,INTRODUCCION AL ESTUDIO DE IMPACTO AMBIENTAL,,,
390,TERMODINAMICA 1,,,
440,MICROBIOLOGIA,,,
504,MOTORES DE COMBUSTION INTERNA,,,
658,ADMINISTRACION DE PERSONAL,,,
664,LEGISLACION 2,,,
708,PREPARACION Y EVALUACION DE PROYECTOS 2,,,
960,MATEMATICA PARA COMPUTACION 1,,,
1035,DIPLOMADO EN MATEMATICAS DE INGENIERIA,,,
2001,PRACTICAS FINALES INGENIERIA CIVIL,,,
2025,PRACTICAS INICIALES,,,
2036,PRACTICAS INTERMEDIAS,,,
3658,ADMINISTRACION DE PERSONAL (DIPLOMADO),,,
3664,LEGISLACION 2 (DIPLOMADO),,,
7983,SEMINARIO DE INVESTIGACION E.P.S. MECANICA,,,
390,TERMODINAMICA 1,,,
658,ADMINISTRACION DE PERSONAL,,,
3658,ADMINISTRACION DE PERSONAL (DIPLOMADO),,,
7983,SEMINARIO DE INVESTIGACION E.P.S. MECANICA,,,
348,QUIMICA GENERAL 1,,,
662,LEGISLACION 1,,,
3662,LEGISLACION 1 (DIPLOMADO),,,
348,QUIMICA GENERAL 1,,,
662,LEGISLACION 1,,,
3662,LEGISLACION 1 (DIPLOMADO),,,
348,QUIMICA GENERAL 1,,,
348,QUIMICA GENERAL 1,,,
348,QUIMICA GENERAL 1,,,
200,INGENIERIA ELECTRICA 1,,,
202,INGENIERIA ELECTRICA 2,,,
522,PROCESOS DE MANUFACTURA 2,,,
522,PROCESOS DE MANUFACTURA 2,,,
200,INGENIERIA ELECTRICA 1,,,
212,CONVERSION DE ENERGIA ELECTROMECANICA 1,,,
214,MAQUINAS ELECTRICAS,,,
219,TRANSMISION Y DISTRIBUCION,,,
219,TRANSMISION Y DISTRIBUCION,,,
220,ANALISIS DE SISTEMAS DE POTENCIA 1,,,
224,ALTA TENSION,,,
238,AUTOMATIZACION INDUSTRIAL,,,
238,AUTOMATIZACION INDUSTRIAL,,,
314,CONCRETO ARMADO 1,,,
322,DISE\O ESTRUCTURAL 1,,,
324,DISE\O ESTRUCTURAL 2,,,
440,MICROBIOLOGIA,,,
5,TECNICAS DE ESTUDIO E INVESTIGACION,,,
11,IDIOMA TECNICO 4,,,
17,AREA SOCIAL HUMANISTICA 1,,,
18,FILOSOFIA DE LA CIENCIA,,,
27,BIOLOGIA,,,
30,GEOGRAFIA,,,
39,DEPORTES 1,,,
60,TALLER DE SIST DE INF GEOGRAFICA,,,
69,AREA TECNICA COMPLEMENTARIA 1,,,
73,DIBUJO TECNICO MECANICO,,,
80,TOPOGRAFIA 1,,,
84,TOPOGRAFIA 3,,,
90,PROGRAMACION DE COMPUTADORAS 1,,,
92,PROGRAMACION DE COMPUTADORAS 2,,,
101,AREA MATEMATICA BASICA 1,,,
103,AREA MATEMATICA BASICA 2,,,
107,AREA MATEMATICA INTERMEDIA 1,,,
112,AREA MATEMATICA INTERMEDIA 2,,,
114,AREA MATEMATICA INTERMEDIA 3,,,
116,MATEMATICA APLICADA 3,,,
118,MATEMATICA APLICADA 1,,,
120,MATEMATICA APLICADA 2,,,
122,MATEMATICA APLICADA 4,,,
123,MATEMATICA APLICADA 5,,,
150,FISICA 1,,,
154,FISICA 3,,,
156,FISICA 4,,,
170,MECANICA ANALITICA 1,,,
172,MECANICA ANALITICA 2,,,
196,CALIDAD DEL AIRE,,,
198,CALIDAD DEL AGUA,,,
201,INSTALACIONES ELECTRICAS (CIVIL),,,
201,INSTALACIONES ELECTRICAS (CIVIL),,,
204,CIRCUITOS ELECTRICOS 1,,,
208,INSTALACIONES ELECTRICAS,,,
209,INSTALACION DE EQUIPOS ELECTRONICOS,,,
210,TEORIA ELECTROMAGNETICA 1,,,
211,TEORIA ELECTROMAGNETICA 2,,,
211,TEORIA ELECTROMAGNETICA 2,,,
212,CONVERSION DE ENERGIA ELECTROMECANICA 1,,,
212,CONVERSION DE ENERGIA ELECTROMECANICA 1,,,
213,CONVERSION DE ENERGIA ELECTROMECANICA 2,,,
214,MAQUINAS ELECTRICAS,,,
216,SUBESTACIONES,,,
216,SUBESTACIONES,,,
219,TRANSMISION Y DISTRIBUCION,,,
219,TRANSMISION Y DISTRIBUCION,,,
220,ANALISIS DE SISTEMAS DE POTENCIA 1,,,
221,SISTEMAS DE GENERACION,,,
222,PROTECCION DE SISTEMAS DE POTENCIA,,,
230,INSTRUMENTACION ELECTRICA,,,
232,ELECTRONICA  1,,,
233,ELECTRONICA APLICADA 1,,,
235,ROBOTICA,,,
238,AUTOMATIZACION INDUSTRIAL,,,
238,AUTOMATIZACION INDUSTRIAL,,,
239,ELECTRONICA APLICADA 2,,,
241,RADIOCOMUNICACIONES TERRESTRES,,,
241,RADIOCOMUNICACIONES TERRESTRES,,,
242,COMUNICACIONES 1,,,
243,COMUNICACIONES 4,,,
243,COMUNICACIONES 4,,,
248,ELECTRONICA 5,,,
248,ELECTRONICA 5,,,
249,ELECTRONICA 6,,,
249,ELECTRONICA 6,,,
252,HIDRAULICA,,,
254,HIDROLOGIA,,,
258,MAQUINAS HIDRAULICAS,,,
262,AGUAS SUBTERRANEAS,,,
280,INGENIERIA SANITARIA 1,,,
282,INGENIERIA SANITARIA 2,,,
284,SANEAMIENTO AMBIENTAL,,,
284,SANEAMIENTO AMBIENTAL,,,
286,HIDRAULICA DE CANALES,,,
288,INTRODUCCION AL ESTUDIO DE IMPACTO AMBIENTAL,,,
302,RESISTENCIA DE MATERIALES 2,,,
311,ANALISIS ESTRUCTURAL,,,
316,CONCRETO ARMADO 2,,,
320,CIMENTACIONES 2,,,
322,DISE\O ESTRUCTURAL 1,,,
324,DISE\O ESTRUCTURAL 2,,,
335,GESTION DE DESASTRES,,,
346,METODOS DE CONSTRUCCION Y SUPERVISION DE OBRAS,,,
348,QUIMICA GENERAL 1,,,
354,QUIMICA 3,,,
358,QUIMICA ORGANICA 1,,,
362,ANALISIS CUALITATIVO,,,
364,ANALISIS CUANTITATIVO,,,
368,PRINCIPIOS DE METROLOGIA,,,
370,QUIMICA AMBIENTAL,,,
380,FISICO QUIMICA 1,,,
382,FISICO QUIMICA 2,,,
386,LABORATORIO DE FISICO QUIMICA 1,,,
388,LABORATORIO DE FISICO QUIMICA 2,,,
394,TERMODINAMICA 3,,,
396,TERMODINAMICA 4,,,
398,CINETICA DE PROCESOS QUIMICOS,,,
409,SEPARACION POR MEDIO DE MEMBRANAS SELECTIVAS,,,
410,BALANCE DE MASA Y ENERGIA,,,
412,FLUJO DE FLUIDOS,,,
414,IQ-3 TRANSFERENCIA DE CALOR,,,
416,IQ-4 TRANSFERENCIA DE MASA,,,
418,IQ-5 TRANSFERENCIA DE MASA EN UNIDADES CONTINUAS,,,
421,GESTION TOTAL DE LA CALIDAD,,,
423,EXTRACCIONES INDUSTRIALES,,,
428,LABORATORIO DE INGENIERIA QUIMICA 1,,,
430,LABORATORIO DE INGENIERIA QUIMICA 2,,,
436,DISE\O DE EQUIPO,,,
437,CONTROL DE CONTAMINANTES INDUSTRIALES,,,
440,MICROBIOLOGIA,,,
442,BIOINGENIERIA 1,,,
450,GEOLOGIA,,,
453,MATERIALES DE CONSTRUCCION 1,,,
454,METALURGIA Y METALOGRAFIA,,,
455,MATERIALES DE CONSTRUCCION 2,,,
458,MECANICA DE SUELOS 1,,,
472,TECNOLOGIA DE LOS ALIMENTOS,,,
476,GEOLOGIA DEL PETROLEO,,,
482,OPERACIONES Y PROCESOS EN LA INDUSTRIA FARMACEUTICA,,,
486,DISE\O DE PLANTAS,,,
502,REFRIGERACION Y AIRE ACONDICIONADO,,,
504,MOTORES DE COMBUSTION INTERNA,,,
511,MANTENIMIENTO DE HOSPITALES 1,,,
512,INSTRUMENTACION MECANICA,,,
520,PROCESOS DE MANUFACTURA 1,,,
522,PROCESOS DE MANUFACTURA 2,,,
524,DISE\O DE MAQUINAS 1,,,
528,DISE\O DE MAQUINAS 3,,,
530,MECANISMOS,,,
532,VIBRACIONES,,,
560,VIAS TERRESTRES 2,,,
560,VIAS TERRESTRES 2,,,
585,INGENIERIA DE TRANSITO Y TRANSPORTES,,,
601,INVESTIGACION DE OPERACIONES I,,,
603,INVESTIGACION DE OPERACIONES II,,,
606,ANALISIS DE SISTEMAS INDUSTRIALES,,,
608,INTROD DE PROYECTOS GERENCIALES,,,
610,INFORMATICA,,,
630,INGENIERIA DE LA PRODUCCION,,,
634,INGENIERIA DE METODOS,,,
640,CONTROL DE LA PRODUCCION,,,
644,INGENIERIA TEXTIL 1,,,
657,ADMINISTRACION DE EMPRESAS 2,,,
658,ADMINISTRACION DE PERSONAL,,,
661,MERCADOTECNIA 2,,,
666,COSTOS PRESUPUESTOS Y AVALUOS,,,
667,PROGRAMACION COMERCIAL 1,,,
669,ECONOMIA INDUSTRIAL,,,
702,INGENIERIA ECONOMICA 2,,,
706,PREPARACION Y EVALUACION DE PROYECTOS 1,,,
710,PLANEAMIENTO,,,
712,URBANISMO,,,
732,ESTADISTICA 1,,,
734,ESTADISTICA 2,,,
736,ANALISIS PROBABILISTICO,,,
769,INTRODUCCION A LA PROGRAMACION DE COMPUTADORAS,,,
771,INTRODUCCION A LA PROGRAMACION Y COMPUTACION 2,,,
774,SISTEMAS DE BASES DE DATOS 1,,,
777,ORGANIZACION DE LENGUAJES Y COMPILADORES 1,,,
781,ORGANIZACION DE LENGUAJES Y COMPILADORES 2,,,
786,SISTEMAS ORGANIZACIONALES Y GERENCIALES 1,,,
787,SISTEMAS ORGANIZACIONALES Y GERENCIALES 2,,,
798,SEMINARIO DE SISTEMAS 2,,,
960,MATEMATICA PARA COMPUTACION 1,,,
962,MATEMATICA PARA COMPUTACION 2,,,
969,TELECOMUNICACIONES Y REDES LOCALES,,,
969,TELECOMUNICACIONES Y REDES LOCALES,,,
970,REDES DE COMPUTADORAS 1,,,
975,REDES DE COMPUTADORAS 2,,,
975,REDES DE COMPUTADORAS 2,,,
991,LENGUAJES DE PROGRAMACION APLICADOS A I.E.,,,
991,LENGUAJES DE PROGRAMACION APLICADOS A I.E.,,,
1025,DIPLOMADO EN ADMINISTRACION DE LA CALIDAD,,,
1025,DIPLOMADO EN ADMINISTRACION DE LA CALIDAD,,,
1034,DIPLOMADO EN ADMINISTRACION DE LA CALIDAD EN LA INDUSTRIA ALIMENTICIA,,,
1035,DIPLOMADO EN MATEMATICAS DE INGENIERIA,,,
1056,DIPLOMADO SEGURIDAD INDUSTRIAL Y SALUD OCUPACIONAL,,,
1060,DIPLOMADO CADENA DE SUMISTROS,,,
1065,DIPLOMADO ADMINISTRACION Y COMPETENCIAS,,,
1071,DIPLOMADO MANTENIMIENTO INDUSTRIAL,,,
1074,DIPLOMADO EN LIDERAZGO DEL TALENTO HUMANO,,,
1076,DIPLOMADO EN GESTION GERENCIAL DE OPERACIONES,,,
1076,DIPLOMADO EN GESTION GERENCIAL DE OPERACIONES,,,
1077,DIPLOMADO EN RECURSOS HUMANOS,,,
1084,DIPLOMADO DE PROPIEDAD INTELECTUAL,,,
1090,"DIPLOMADO ELABORACION, FORMULACION Y EVALUACION DE PROYECTOS DE AGUA POTABLE Y SANEAMIENTO",,,
1090,"DIPLOMADO ELABORACION, FORMULACION Y EVALUACION DE PROYECTOS DE AGUA POTABLE Y SANEAMIENTO",,,
1091,DIPLOMADO DESARROLLO DE PRACTICAS EMPRESARIALES,,,
2001,PRACTICAS FINALES INGENIERIA CIVIL,,,
2025,PRACTICAS INICIALES,,,
2036,PRACTICAS INTERMEDIAS,,,
3116,MATEMATICA APLICADA 3 (DIPLOMADO),,,
3118,MATEMATICA APLICADA 1 (DIPLOMADO),,,
3120,MATEMATICA APLICADA 2 (DIPLOMADO),,,
3123,MATEMATICA APLICADA 5 (DIPLOMADO),,,
3606,ANALISIS DE SISTEMAS INDUSTRIALES (DIPLOMADO),,,
3657,ADMINISTRACION DE EMPRESAS 2 (DIPLOMADO),,,
3658,ADMINISTRACION DE PERSONAL (DIPLOMADO),,,
3661,MERCADOTECNIA 2 (DIPLOMADO,,,
3669,ECONOMIA INDUSTRIAL (DIPLOMADO,,,
3710,PLANEAMIENTO (DIPLOMADO),,,
5003,DIBUJO TECNICO,,,
5008,ARITMETICA,,,
5010,SEGURIDAD EN LAS OBRAS DE CONSTRUCCION,,,
5011,FUNDAMENTOS JURIDICOS CONSTITUCIONALES BASICOS DEL DERECHO LABORAL Y NORMAS LABORALES,,,
5012,COMUNICACION Y REDACCION I,,,
7913,SEMINARIO DE INVESTIGACION ELECTRONICA,,,
7935,SEMINARIO DE INVESTIGACION AMBIENTAL,,,
7980,INVESTIGACION 1,,,
7984,SEMINARIO DE INVESTIGACION E.P.S. ELECTRICA,,,
7991,SEMINARIO DE INVESTIGACION CIVIL,,,
7993,SEMINARIO DE INVESTIGACION MECANICA,,,
5,TECNICAS DE ESTUDIO E INVESTIGACION,,,
73,DIBUJO TECNICO MECANICO,,,
423,EXTRACCIONES INDUSTRIALES,,,
771,INTRODUCCION A LA PROGRAMACION Y COMPUTACION 2,,,
774,SISTEMAS DE BASES DE DATOS 1,,,
777,ORGANIZACION DE LENGUAJES Y COMPILADORES 1,,,
781,ORGANIZACION DE LENGUAJES Y COMPILADORES 2,,,
786,SISTEMAS ORGANIZACIONALES Y GERENCIALES 1,,,
787,SISTEMAS ORGANIZACIONALES Y GERENCIALES 2,,,
798,SEMINARIO DE SISTEMAS 2,,,
970,REDES DE COMPUTADORAS 1,,,
975,REDES DE COMPUTADORAS 2,,,
90,PROGRAMACION DE COMPUTADORAS 1,,,
92,PROGRAMACION DE COMPUTADORAS 2,,,
601,INVESTIGACION DE OPERACIONES I,,,
603,INVESTIGACION DE OPERACIONES II,,,
608,INTROD DE PROYECTOS GERENCIALES,,,
630,INGENIERIA DE LA PRODUCCION,,,
634,INGENIERIA DE METODOS,,,
640,CONTROL DE LA PRODUCCION,,,
658,ADMINISTRACION DE PERSONAL,,,
667,PROGRAMACION COMERCIAL 1,,,
732,ESTADISTICA 1,,,
734,ESTADISTICA 2,,,
736,ANALISIS PROBABILISTICO,,,
3658,ADMINISTRACION DE PERSONAL (DIPLOMADO),,,
7913,SEMINARIO DE INVESTIGACION ELECTRONICA,,,
7935,SEMINARIO DE INVESTIGACION AMBIENTAL,,,
7984,SEMINARIO DE INVESTIGACION E.P.S. ELECTRICA,,,
7991,SEMINARIO DE INVESTIGACION CIVIL,,,
7993,SEMINARIO DE INVESTIGACION MECANICA,,,
22,PSICOLOGIA INDUSTRIAL,,,
28,ECOLOGIA,,,
82,TOPOGRAFIA 2,,,
152,FISICA 2,,,
202,INGENIERIA ELECTRICA 2,,,
206,CIRCUITOS ELECTRICOS 2,,,
218,LINEAS DE TRANSMISION,,,
224,ALTA TENSION,,,
224,ALTA TENSION,,,
240,ELECTRONICA 2,,,
240,ELECTRONICA 2,,,
246,ELECTRONICA 3,,,
246,ELECTRONICA 3,,,
390,TERMODINAMICA 1,,,
392,TERMODINAMICA 2,,,
398,CINETICA DE PROCESOS QUIMICOS,,,
452,CIENCIA DE LOS MATERIALES,,,
462,ELECTRICIDAD Y ELECTRONICA BASICA,,,
508,MONTAJE Y MANTENIMIENTO DE EQUIPO,,,
550,VIAS TERRESTRES 1,,,
632,INGENIERIA DE PLANTAS,,,
636,DISE\O PARA LA PRODUCCION,,,
638,CONTROLES INDUSTRIALES,,,
642,SEGURIDAD E HIGIENE INDUSTRIAL,,,
652,CONTABILIDAD 2,,,
654,CONTABILIDAD 3,,,
660,MERCADOTECNIA 1,,,
662,LEGISLACION 1,,,
664,LEGISLACION 2,,,
3022,PSICOLOGIA INDUSTRIAL (DIPLOMADO),,,
3662,LEGISLACION 1 (DIPLOMADO),,,
7905,SEMINARIO DE INVESTIGACION INDUSTRIAL,,,
390,TERMODINAMICA 1,,,
392,TERMODINAMICA 2,,,
632,INGENIERIA DE PLANTAS,,,
636,DISE\O PARA LA PRODUCCION,,,xxx
638,CONTROLES INDUSTRIALES,,,
652,CONTABILIDAD 2,,,
654,CONTABILIDAD 3,,,
660,MERCADOTECNIA 1,,,
7905,SEMINARIO DE INVESTIGACION INDUSTRIAL,,,
22,PSICOLOGIA INDUSTRIAL,,,
28,ECOLOGIA,,,
82,TOPOGRAFIA 2,,,
152,FISICA 2,,,
202,INGENIERIA ELECTRICA 2,,,
206,CIRCUITOS ELECTRICOS 2,,,
218,LINEAS DE TRANSMISION,,,
224,ALTA TENSION,,,
224,ALTA TENSION,,,
240,ELECTRONICA 2,,,
240,ELECTRONICA 2,,,
246,ELECTRONICA 3,,,
246,ELECTRONICA 3,,,
390,TERMODINAMICA 1,,,
392,TERMODINAMICA 2,,,
398,CINETICA DE PROCESOS QUIMICOS,,,
452,CIENCIA DE LOS MATERIALES,,,
462,ELECTRICIDAD Y ELECTRONICA BASICA,,,
508,MONTAJE Y MANTENIMIENTO DE EQUIPO,,,
550,VIAS TERRESTRES 1,,,
632,INGENIERIA DE PLANTAS,,,
636,DISE\O PARA LA PRODUCCION,,,
638,CONTROLES INDUSTRIALES,,,
642,SEGURIDAD E HIGIENE INDUSTRIAL,,,
652,CONTABILIDAD 2,,,
654,CONTABILIDAD 3,,,
660,MERCADOTECNIA 1,,,
662,LEGISLACION 1,,,
664,LEGISLACION 2,,,
3022,PSICOLOGIA INDUSTRIAL (DIPLOMADO),,,
3662,LEGISLACION 1 (DIPLOMADO),,,
3664,LEGISLACION 2 (DIPLOMADO),,,
7905,SEMINARIO DE INVESTIGACION INDUSTRIAL,,,
390,TERMODINAMICA 1,,,
392,TERMODINAMICA 2,,,
632,INGENIERIA DE PLANTAS,,,
636,DISE\O PARA LA PRODUCCION,,,xxx
638,CONTROLES INDUSTRIALES,,,
652,CONTABILIDAD 2,,,
654,CONTABILIDAD 3,,,
660,MERCADOTECNIA 1,,,
7905,SEMINARIO DE INVESTIGACION INDUSTRIAL,,,
147,FISICA BASICA,,,
200,INGENIERIA ELECTRICA 1,,,
7902,SEMINARIO DE INVESTIGACION QUIMICA,,,
348,QUIMICA GENERAL 1,,,
7902,SEMINARIO DE INVESTIGACION QUIMICA,,,
147,FISICA BASICA,,,
200,INGENIERIA ELECTRICA 1,,,
7902,SEMINARIO DE INVESTIGACION QUIMICA,,,
348,QUIMICA GENERAL 1,,,
7902,SEMINARIO DE INVESTIGACION QUIMICA,,,
147,FISICA BASICA,,,
200,INGENIERIA ELECTRICA 1,,,
7902,SEMINARIO DE INVESTIGACION QUIMICA,,,
348,QUIMICA GENERAL 1,,,
7902,SEMINARIO DE INVESTIGACION QUIMICA,,,
348,QUIMICA GENERAL 1,,,
200,INGENIERIA ELECTRICA 1,,,
202,INGENIERIA ELECTRICA 2,,,
522,PROCESOS DE MANUFACTURA 2,,,
522,PROCESOS DE MANUFACTURA 2,,,
200,INGENIERIA ELECTRICA 1,,,
5,TECNICAS DE ESTUDIO E INVESTIGACION,,,
8,IDIOMA TECNICO 2,,,
28,ECOLOGIA,,,
39,DEPORTES 1,,,
101,AREA MATEMATICA BASICA 1,,,
118,MATEMATICA APLICADA 1,,,
520,PROCESOS DE MANUFACTURA 1,,,
601,INVESTIGACION DE OPERACIONES I,,,
654,CONTABILIDAD 3,,,
769,INTRODUCCION A LA PROGRAMACION DE COMPUTADORAS,,,
769,INTRODUCCION A LA PROGRAMACION DE COMPUTADORAS,,,
1035,DIPLOMADO EN MATEMATICAS DE INGENIERIA,,,
2001,PRACTICAS FINALES INGENIERIA CIVIL,,,
3118,MATEMATICA APLICADA 1 (DIPLOMADO),,,
5,TECNICAS DE ESTUDIO E INVESTIGACION,,,
601,INVESTIGACION DE OPERACIONES I,,,
654,CONTABILIDAD 3,,,
656,ADMINISTRACION DE EMPRESAS 1,,,
3656,ADMINISTRACION DE EMPRESAS 1 (DIPLOMADO),,,
7905,SEMINARIO DE INVESTIGACION INDUSTRIAL,,,
7905,SEMINARIO DE INVESTIGACION INDUSTRIAL,,,
656,ADMINISTRACION DE EMPRESAS 1,,,
3656,ADMINISTRACION DE EMPRESAS 1 (DIPLOMADO),,,
7905,SEMINARIO DE INVESTIGACION INDUSTRIAL,,,
7905,SEMINARIO DE INVESTIGACION INDUSTRIAL,,,
200,INGENIERIA ELECTRICA 1,,,
202,INGENIERIA ELECTRICA 2,,,
522,PROCESOS DE MANUFACTURA 2,,,
522,PROCESOS DE MANUFACTURA 2,,,
200,INGENIERIA ELECTRICA 1,,,
212,CONVERSION DE ENERGIA ELECTROMECANICA 1,,,
214,MAQUINAS ELECTRICAS,,,
220,ANALISIS DE SISTEMAS DE POTENCIA 1,,,
224,ALTA TENSION,,,
238,AUTOMATIZACION INDUSTRIAL,,,
316,CONCRETO ARMADO 2,,,
322,DISE\O ESTRUCTURAL 1,,,
324,DISE\O ESTRUCTURAL 2,,,
440,MICROBIOLOGIA,,,
1,ETICA PROFESIONAL,,,
5,TECNICAS DE ESTUDIO E INVESTIGACION,,,
6,IDIOMA TECNICO 1,,,
9,IDIOMA TECNICO 3,,,
11,IDIOMA TECNICO 4,,,
18,FILOSOFIA DE LA CIENCIA,,,
22,PSICOLOGIA INDUSTRIAL,,,
28,ECOLOGIA,,,
69,AREA TECNICA COMPLEMENTARIA 1,,,
73,DIBUJO TECNICO MECANICO,,,
90,PROGRAMACION DE COMPUTADORAS 1,,,
92,PROGRAMACION DE COMPUTADORAS 2,,,
101,AREA MATEMATICA BASICA 1,,,
103,AREA MATEMATICA BASICA 2,,,
112,AREA MATEMATICA INTERMEDIA 2,,,
114,AREA MATEMATICA INTERMEDIA 3,,,
116,MATEMATICA APLICADA 3,,,
118,MATEMATICA APLICADA 1,,,
147,FISICA BASICA,,,
150,FISICA 1,,,
152,FISICA 2,,,
154,FISICA 3,,,
156,FISICA 4,,,
170,MECANICA ANALITICA 1,,,
172,MECANICA ANALITICA 2,,,
173,ANALISIS MECANICO,,,
201,INSTALACIONES ELECTRICAS (CIVIL),,,
202,INGENIERIA ELECTRICA 2,,,
210,TEORIA ELECTROMAGNETICA 1,,,
210,TEORIA ELECTROMAGNETICA 1,,,
230,INSTRUMENTACION ELECTRICA,,,
234,ELECTRONICA 4,,,
236,SISTEMAS DE CONTROL 1,,,
238,AUTOMATIZACION INDUSTRIAL,,,
238,AUTOMATIZACION INDUSTRIAL,,,
243,COMUNICACIONES 4,,,
244,COMUNICACIONES 2,,,
244,COMUNICACIONES 2,,,
252,HIDRAULICA,,,
254,HIDROLOGIA,,,
258,MAQUINAS HIDRAULICAS,,,
280,INGENIERIA SANITARIA 1,,,
280,INGENIERIA SANITARIA 1,,,
282,INGENIERIA SANITARIA 2,,,
300,RESISTENCIA DE MATERIALES 1,,,
307,TIPOLOGIA ESTRUCTURAL,,,
307,TIPOLOGIA ESTRUCTURAL,,,
311,ANALISIS ESTRUCTURAL,,,
316,CONCRETO ARMADO 2,,,
322,DISE\O ESTRUCTURAL 1,,,
324,DISE\O ESTRUCTURAL 2,,,
332,PUENTES,,,
349,QUIMICA PARA INGENIERIA CIVIL,,,
434,PROCESOS QUIMICOS INDUSTRIALES,,,
454,METALURGIA Y METALOGRAFIA,,,
455,MATERIALES DE CONSTRUCCION 2,,,
458,MECANICA DE SUELOS 1,,,
460,PAVIMENTOS,,,
460,PAVIMENTOS,,,
506,PLANTAS DE VAPOR,,,
510,INSTALACIONES MECANICAS,,,
512,INSTRUMENTACION MECANICA,,,
522,PROCESOS DE MANUFACTURA 2,,,
526,DISE\O DE MAQUINAS 2,,,
530,MECANISMOS,,,
550,VIAS TERRESTRES 1,,,
601,INVESTIGACION DE OPERACIONES I,,,
603,INVESTIGACION DE OPERACIONES II,,,
634,INGENIERIA DE METODOS,,,
638,CONTROLES INDUSTRIALES,,,
656,ADMINISTRACION DE EMPRESAS 1,,,
658,ADMINISTRACION DE PERSONAL,,,
664,LEGISLACION 2,,,
665,MICROECONOMIA,,,
666,COSTOS PRESUPUESTOS Y AVALUOS,,,
667,PROGRAMACION COMERCIAL 1,,,
700,INGENIERIA ECONOMICA 1,,,
702,INGENIERIA ECONOMICA 2,,,
704,INGENIERIA ECONOMICA 3,,,
706,PREPARACION Y EVALUACION DE PROYECTOS 1,,,
708,PREPARACION Y EVALUACION DE PROYECTOS 2,,,
710,PLANEAMIENTO,,,
732,ESTADISTICA 1,,,
734,ESTADISTICA 2,,,
769,INTRODUCCION A LA PROGRAMACION DE COMPUTADORAS,,,
769,INTRODUCCION A LA PROGRAMACION DE COMPUTADORAS,,,
771,INTRODUCCION A LA PROGRAMACION Y COMPUTACION 2,,,
787,SISTEMAS ORGANIZACIONALES Y GERENCIALES 2,,,
960,MATEMATICA PARA COMPUTACION 1,,,
962,MATEMATICA PARA COMPUTACION 2,,,
980,PROYECTOS DE COMPUTACION APLICADA A I.E.,,,
991,LENGUAJES DE PROGRAMACION APLICADOS A I.E.,,,
1035,DIPLOMADO EN MATEMATICAS DE INGENIERIA,,,
2001,PRACTICAS FINALES INGENIERIA CIVIL,,,
2025,PRACTICAS INICIALES,,,
2036,PRACTICAS INTERMEDIAS,,,
3022,PSICOLOGIA INDUSTRIAL (DIPLOMADO),,,
3116,MATEMATICA APLICADA 3 (DIPLOMADO),,,
3118,MATEMATICA APLICADA 1 (DIPLOMADO),,,
3656,ADMINISTRACION DE EMPRESAS 1 (DIPLOMADO),,,
3658,ADMINISTRACION DE PERSONAL (DIPLOMADO),,,
3664,LEGISLACION 2 (DIPLOMADO),,,
3710,PLANEAMIENTO (DIPLOMADO),,,
7905,SEMINARIO DE INVESTIGACION INDUSTRIAL,,,
7991,SEMINARIO DE INVESTIGACION CIVIL,,,
7994,SEMINARIO DE INVESTIGACION MECANICA ELECTRICA,,,
5,TECNICAS DE ESTUDIO E INVESTIGACION,,,
73,DIBUJO TECNICO MECANICO,,,
771,INTRODUCCION A LA PROGRAMACION Y COMPUTACION 2,,,
787,SISTEMAS ORGANIZACIONALES Y GERENCIALES 2,,,
90,PROGRAMACION DE COMPUTADORAS 1,,,
92,PROGRAMACION DE COMPUTADORAS 2,,,
601,INVESTIGACION DE OPERACIONES I,,,
603,INVESTIGACION DE OPERACIONES II,,,
634,INGENIERIA DE METODOS,,,
638,CONTROLES INDUSTRIALES,,,
658,ADMINISTRACION DE PERSONAL,,,
665,MICROECONOMIA,,,
667,PROGRAMACION COMERCIAL 1,,,
732,ESTADISTICA 1,,,
734,ESTADISTICA 2,,,
3658,ADMINISTRACION DE PERSONAL (DIPLOMADO),,,
7905,SEMINARIO DE INVESTIGACION INDUSTRIAL,,,
7991,SEMINARIO DE INVESTIGACION CIVIL,,,
7994,SEMINARIO DE INVESTIGACION MECANICA ELECTRICA,,,
250,MECANICA DE FLUIDOS,,,
348,QUIMICA GENERAL 1,,,
452,CIENCIA DE LOS MATERIALES,,,
520,PROCESOS DE MANUFACTURA 1,,,
642,SEGURIDAD E HIGIENE INDUSTRIAL,,,
650,CONTABILIDAD 1,,,
662,LEGISLACION 1,,,
3662,LEGISLACION 1 (DIPLOMADO),,,
650,CONTABILIDAD 1,,,
250,MECANICA DE FLUIDOS,,,
348,QUIMICA GENERAL 1,,,
452,CIENCIA DE LOS MATERIALES,,,
520,PROCESOS DE MANUFACTURA 1,,,
642,SEGURIDAD E HIGIENE INDUSTRIAL,,,
650,CONTABILIDAD 1,,,
662,LEGISLACION 1,,,
3662,LEGISLACION 1 (DIPLOMADO),,,
650,CONTABILIDAD 1,,,
348,QUIMICA GENERAL 1,,,
349,QUIMICA PARA INGENIERIA CIVIL,,,
348,QUIMICA GENERAL 1,,,
348,QUIMICA GENERAL 1,,,
348,QUIMICA GENERAL 1,,,
348,QUIMICA GENERAL 1,,,
200,INGENIERIA ELECTRICA 1,,,
202,INGENIERIA ELECTRICA 2,,,
522,PROCESOS DE MANUFACTURA 2,,,
522,PROCESOS DE MANUFACTURA 2,,,
200,INGENIERIA ELECTRICA 1,,,
212,CONVERSION DE ENERGIA ELECTROMECANICA 1,,,
6,IDIOMA TECNICO 1,,,
18,FILOSOFIA DE LA CIENCIA,,,
28,ECOLOGIA,,,
39,DEPORTES 1,,,
69,AREA TECNICA COMPLEMENTARIA 1,,,
92,PROGRAMACION DE COMPUTADORAS 2,,,
107,AREA MATEMATICA INTERMEDIA 1,,,
112,AREA MATEMATICA INTERMEDIA 2,,,
114,AREA MATEMATICA INTERMEDIA 3,,,
116,MATEMATICA APLICADA 3,,,
118,MATEMATICA APLICADA 1,,,
147,FISICA BASICA,,,
170,MECANICA ANALITICA 1,,,
200,INGENIERIA ELECTRICA 1,,,
202,INGENIERIA ELECTRICA 2,,,
250,MECANICA DE FLUIDOS,,,
252,HIDRAULICA,,,
254,HIDROLOGIA,,,
302,RESISTENCIA DE MATERIALES 2,,,
520,PROCESOS DE MANUFACTURA 1,,,
522,PROCESOS DE MANUFACTURA 2,,,
638,CONTROLES INDUSTRIALES,,,
658,ADMINISTRACION DE PERSONAL,,,
662,LEGISLACION 1,,,
664,LEGISLACION 2,,,
665,MICROECONOMIA,,,
667,PROGRAMACION COMERCIAL 1,,,
732,ESTADISTICA 1,,,
734,ESTADISTICA 2,,,
991,LENGUAJES DE PROGRAMACION APLICADOS A I.E.,,,
1035,DIPLOMADO EN MATEMATICAS DE INGENIERIA,,,
2025,PRACTICAS INICIALES,,,
2035,PRACTICAS FINALES INGENIERIA AMBIENTAL,,,
2036,PRACTICAS INTERMEDIAS,,,
3116,MATEMATICA APLICADA 3 (DIPLOMADO),,,
3118,MATEMATICA APLICADA 1 (DIPLOMADO),,,
3658,ADMINISTRACION DE PERSONAL (DIPLOMADO),,,
3662,LEGISLACION 1 (DIPLOMADO),,,
3664,LEGISLACION 2 (DIPLOMADO),,,
7981,SEMINARIO DE INVESTIGACION E.P.S. CIVIL,,,
7995,SEMINARIO DE INVESTIGACION MECANICA INDUSTRIAL,,,
92,PROGRAMACION DE COMPUTADORAS 2,,,
638,CONTROLES INDUSTRIALES,,,
658,ADMINISTRACION DE PERSONAL,,,
665,MICROECONOMIA,,,
667,PROGRAMACION COMERCIAL 1,,,
732,ESTADISTICA 1,,,
734,ESTADISTICA 2,,,
3658,ADMINISTRACION DE PERSONAL (DIPLOMADO),,,
7981,SEMINARIO DE INVESTIGACION E.P.S. CIVIL,,,
7995,SEMINARIO DE INVESTIGACION MECANICA INDUSTRIAL,,,
150,FISICA 1,,,
152,FISICA 2,,,
390,TERMODINAMICA 1,,,
656,ADMINISTRACION DE EMPRESAS 1,,,
3656,ADMINISTRACION DE EMPRESAS 1 (DIPLOMADO),,,
390,TERMODINAMICA 1,,,
150,FISICA 1,,,
152,FISICA 2,,,
390,TERMODINAMICA 1,,,
656,ADMINISTRACION DE EMPRESAS 1,,,
3656,ADMINISTRACION DE EMPRESAS 1 (DIPLOMADO),,,
390,TERMODINAMICA 1,,,
200,INGENIERIA ELECTRICA 1,,,
520,PROCESOS DE MANUFACTURA 1,,,
522,PROCESOS DE MANUFACTURA 2,,,
522,PROCESOS DE MANUFACTURA 2,,,
212,CONVERSION DE ENERGIA ELECTROMECANICA 1,,,
214,MAQUINAS ELECTRICAS,,,
17,AREA SOCIAL HUMANISTICA 1,,,
18,FILOSOFIA DE LA CIENCIA,,,
19,AREA SOCIAL HUMANISTICA 2,,,
74,DIBUJO CONSTRUCTIVO PARA INGENIERIA,,,
92,PROGRAMACION DE COMPUTADORAS 2,,,
92,PROGRAMACION DE COMPUTADORAS 2,,,
112,AREA MATEMATICA INTERMEDIA 2,,,
114,AREA MATEMATICA INTERMEDIA 3,,,
116,MATEMATICA APLICADA 3,,,
118,MATEMATICA APLICADA 1,,,
147,FISICA BASICA,,,
150,FISICA 1,,,
170,MECANICA ANALITICA 1,,,
200,INGENIERIA ELECTRICA 1,,,
250,MECANICA DE FLUIDOS,,,
348,QUIMICA GENERAL 1,,,
664,LEGISLACION 2,,,
665,MICROECONOMIA,,,
700,INGENIERIA ECONOMICA 1,,,
732,ESTADISTICA 1,,,
1035,DIPLOMADO EN MATEMATICAS DE INGENIERIA,,,
2001,PRACTICAS FINALES INGENIERIA CIVIL,,,
2025,PRACTICAS INICIALES,,,
2036,PRACTICAS INTERMEDIAS,,,
3116,MATEMATICA APLICADA 3 (DIPLOMADO),,,
3118,MATEMATICA APLICADA 1 (DIPLOMADO),,,
3664,LEGISLACION 2 (DIPLOMADO),,,
7904,SEMINARIO DE INVESTIGACION ELECTRICA,,,
7905,SEMINARIO DE INVESTIGACION INDUSTRIAL,,,
7999,SEMINARIO DE INVESTIGACION E.P.S. SISTEMAS,,,
92,PROGRAMACION DE COMPUTADORAS 2,,,
665,MICROECONOMIA,,,
732,ESTADISTICA 1,,,
7904,SEMINARIO DE INVESTIGACION ELECTRICA,,,
7905,SEMINARIO DE INVESTIGACION INDUSTRIAL,,,
7999,SEMINARIO DE INVESTIGACION E.P.S. SISTEMAS,,,
452,CIENCIA DE LOS MATERIALES,,,
520,PROCESOS DE MANUFACTURA 1,,,
452,CIENCIA DE LOS MATERIALES,,,
520,PROCESOS DE MANUFACTURA 1,,,
348,QUIMICA GENERAL 1,,,
348,QUIMICA GENERAL 1,,,
348,QUIMICA GENERAL 1,,,
520,PROCESOS DE MANUFACTURA 1,,,
522,PROCESOS DE MANUFACTURA 2,,,
522,PROCESOS DE MANUFACTURA 2,,,
18,FILOSOFIA DE LA CIENCIA,,,
103,AREA MATEMATICA BASICA 2,,,
147,FISICA BASICA,,,
150,FISICA 1,,,
170,MECANICA ANALITICA 1,,,
200,INGENIERIA ELECTRICA 1,,,
202,INGENIERIA ELECTRICA 2,,,
250,MECANICA DE FLUIDOS,,,
300,RESISTENCIA DE MATERIALES 1,,,
452,CIENCIA DE LOS MATERIALES,,,
520,PROCESOS DE MANUFACTURA 1,,,
658,ADMINISTRACION DE PERSONAL,,,
732,ESTADISTICA 1,,,
1035,DIPLOMADO EN MATEMATICAS DE INGENIERIA,,,
2005,PRACTICAS FINALES INGENIERIA INDUSTRIAL,,,
2025,PRACTICAS INICIALES,,,
2036,PRACTICAS INTERMEDIAS,,,
3658,ADMINISTRACION DE PERSONAL (DIPLOMADO),,,
7905,SEMINARIO DE INVESTIGACION INDUSTRIAL,,,
658,ADMINISTRACION DE PERSONAL,,,
732,ESTADISTICA 1,,,
3658,ADMINISTRACION DE PERSONAL (DIPLOMADO),,,
7905,SEMINARIO DE INVESTIGACION INDUSTRIAL,,,
7985,SEMINARIO DE INVESTIGACION E.P.S. INDUSTRIAL,,,
7985,SEMINARIO DE INVESTIGACION E.P.S. INDUSTRIAL,,,
7985,SEMINARIO DE INVESTIGACION E.P.S. INDUSTRIAL,,,
7985,SEMINARIO DE INVESTIGACION E.P.S. INDUSTRIAL,,,
520,PROCESOS DE MANUFACTURA 1,,,
522,PROCESOS DE MANUFACTURA 2,,,
522,PROCESOS DE MANUFACTURA 2,,,
18,FILOSOFIA DE LA CIENCIA,,,
300,RESISTENCIA DE MATERIALES 1,,,
522,PROCESOS DE MANUFACTURA 2,,,
732,ESTADISTICA 1,,,
1035,DIPLOMADO EN MATEMATICAS DE INGENIERIA,,,
2036,PRACTICAS INTERMEDIAS,,,
7982,SEMINARIO DE INVESTIGACION E.P.S. QUIMICA,,,
732,ESTADISTICA 1,,,
7982,SEMINARIO DE INVESTIGACION E.P.S. QUIMICA,,,
150,FISICA 1,,,
150,FISICA 1,,,
520,PROCESOS DE MANUFACTURA 1,,,
522,PROCESOS DE MANUFACTURA 2,,,
522,PROCESOS DE MANUFACTURA 2,,,
18,FILOSOFIA DE LA CIENCIA,,,
39,DEPORTES 1,,,
101,AREA MATEMATICA BASICA 1,,,
300,RESISTENCIA DE MATERIALES 1,,,
1035,DIPLOMADO EN MATEMATICAS DE INGENIERIA,,,
7905,SEMINARIO DE INVESTIGACION INDUSTRIAL,,,
7987,SEMINARIO DE INVESTIGACION E.P.S. MECANICA INDUSTRIAL,,,
7905,SEMINARIO DE INVESTIGACION INDUSTRIAL,,,
7987,SEMINARIO DE INVESTIGACION E.P.S. MECANICA INDUSTRIAL,,,
522,PROCESOS DE MANUFACTURA 2,,,
39,DEPORTES 1,,,
1035,DIPLOMADO EN MATEMATICAS DE INGENIERIA,,,
7989,SEMINARIO DE INVESTIGACION E.P.S. AMBIENTAL,,,
7989,SEMINARIO DE INVESTIGACION E.P.S. AMBIENTAL,,,
39,DEPORTES 1,,,
7986,SEMINARIO DE INVESTIGACION E.P.S. MECANICA ELECTRICA,,,
348,QUIMICA GENERAL 1,,,
7986,SEMINARIO DE INVESTIGACION E.P.S. MECANICA ELECTRICA,,,
9000,P.A.P. DE MATEMATICA PARA INGENIERIA,,,
522,PROCESOS DE MANUFACTURA 2,,,
101,AREA MATEMATICA BASICA 1,,,
1035,DIPLOMADO EN MATEMATICAS DE INGENIERIA,,,
7988,SEMINARIO DE INVESTIGACION E.P.S. ELECTRONICA,,,
74,DIBUJO CONSTRUCTIVO PARA INGENIERIA,,,
7988,SEMINARIO DE INVESTIGACION E.P.S. ELECTRONICA,,,
9000,P.A.P. DE MATEMATICA PARA INGENIERIA,,,
522,PROCESOS DE MANUFACTURA 2,,,
1035,DIPLOMADO EN MATEMATICAS DE INGENIERIA,,,
74,DIBUJO CONSTRUCTIVO PARA INGENIERIA,,,
9000,P.A.P. DE MATEMATICA PARA INGENIERIA,,,
101,AREA MATEMATICA BASICA 1,,,
147,FISICA BASICA,,,
150,FISICA 1,,,
1035,DIPLOMADO EN MATEMATICAS DE INGENIERIA,,,
74,DIBUJO CONSTRUCTIVO PARA INGENIERIA,,,
9000,P.A.P. DE MATEMATICA PARA INGENIERIA,,,
