UserId,TutorCode
e5bf1cfa-55c3-49bb-8b99-db8eafb2ca25,tutluipor
ab723792-6a03-49fa-8eab-51748eb20237,tutosworo
8caf132d-e88a-46e7-81a9-0466a9a6c167,tutluisar
86bb6987-d05f-4cd1-8ddc-10ff06901012,tutluisan
89cffc9d-c243-4a5c-a87e-2f2615293f06,tutcargor
43d9bcd5-4870-4eed-ab52-1316876e5bac,tutomamed
0df84a6e-3e59-402c-a551-693dd87a3916,tutjorixq
05ff3077-0edb-4929-8a35-32f048072b4c,tutdarluc
e5400a33-9479-4ac1-a56a-a63e50305a3b,tutdilmej
678491a0-c85b-4e1a-8e71-654a8d5c71c4,tutmararr
2250d727-5cfb-4e01-87ef-4bd35e5cbda4,tutnicguz
6419716f-7095-4cd9-b482-1d5fb4a73866,tutcarpin
0013bcab-3895-48ad-8d19-708a3dda166d,tutalecas
1d53fcea-c24a-4d90-90c6-ef7d79732ae7,tutluialv
09c2c568-ee98-4342-9a28-70fa2ddce996,tutmigdel
1dd8bce4-850b-409c-88ca-0040a24218f8,tutferboi
9a1996f6-6bde-4d2b-aff3-18e02f2bd506,tutbraest
966273cd-e307-48fa-a3b6-4d0cc9aaafca,tutpedmar
4fa28c93-c299-4b2a-bf1b-e4af777c0aba,tutestgar
d51843a9-2c8d-4b13-ae62-1297b5d8cb30,tutjorare
f6d43640-5963-4868-b013-a578f76c05c9,tutluigod
f450718a-508f-4b66-a7e6-68ca88087ef7,tutmigven
777bcaae-573e-41b9-b2df-23f2de91d8a5,tuthilesp
3a78dc59-0168-4bc5-8c36-20625a205cd7,tutvicrui
07c933d3-0499-4c03-a34d-ed95d5a79458,tutjonajb
9756c1c3-64b1-4016-8b25-e9b5b0161784,tutjormal
a83e1325-e0be-491c-b666-0347876c4d98,tutananav
877c6c4d-f453-4649-b7ff-96e2f743148f,tutedglaj
2c356170-9949-4586-97f9-ec6fb99d665a,tutjulbar
7e09e5fd-1701-451a-a714-001a32d5844f,tutjorsit
5449c539-8f1e-41cc-a573-039c2b84141a,tutcarnav
519e7205-d755-4e9f-9f5b-0db718fe8189,tutmatmar
f6e2328a-af8c-4970-bbf6-1bc7071f1075,tutottand
6530575f-e2f0-4dd5-b525-1dde1848ad2e,tutcarguz
84dc93b1-7c99-4918-afa3-04ef76c33a05,tutwenmir
0ecd41db-9d91-46b9-aa0b-89fadaa62c65,tuthugtiu
4de89082-6bc1-43e0-a24a-480dd5009cb2,tutguipue
1589fe0c-2273-4ad2-8d79-9f4c8c3f1c30,tutchrore
8c1f6090-b409-4924-a739-faab9a887c99,tutligagu
d5495656-0283-42f2-8514-847c2314a56e,tutherfig
97dc1cb0-eec3-4204-9675-d3f44b710bb1,tutmerroq
37ba2883-5747-4db6-8ce2-41a040790686,tuterwort
71101f47-fb72-480f-bfe6-31023f5abb6f,tutcinort
eec0c626-62e5-4451-9678-5572548a0173,tutingben
686d7090-191f-4695-adf6-5dc694a4d897,tutpabmor
cfaafc63-1b78-4820-adb4-bb4bb5030d43,tuthugram
b68ba08f-8954-4aa1-b744-107b2d5bd3b6,tutmarrey
10065ad3-3715-4366-bb80-ce3d3cc58303,tutluiast
bad6a1eb-845b-48c9-b2b2-911753742d94,tutbyrpal
f7479a94-6f98-4dce-90b4-52a3e80f5fb6,tutpabzuñ
c7b2f428-c70a-41e2-b9ee-1d37225b8689,tutluicor
63442f9a-c039-4d1e-af24-bcac2e410d25,tutcarchi
5c486663-8087-4a93-98f5-6fecc6ec8610,tutfremon
7a27c157-6d17-4ed8-996e-da0689202297,tutjosleó
c02f1faf-d017-402a-a604-3d84643c1b7f,tutdiasal
24c11f78-a1c2-4705-9725-5a794653eccb,tutrogde 
6daa0007-e9d6-483c-8fc9-c9929bb30b3d,tuteduriv
cff83400-2c0c-40ec-8969-9decdfb2b255,tutsormar
0ed47379-ee88-412a-851c-3e2148ee5a57,tutcarmuñ
410c8d03-3eba-4d7d-a318-a95b5678a4cc,tutanacas
bd977dac-a9c3-4b69-8fda-06bdcadd7793,tuthilde 
63b13d08-44b0-48b4-9a2c-6c2211f2e179,tutalacos
c0402037-9f54-48e9-9cfa-0938fecff273,tutjuaort
2eb9a4cd-ecbd-4efe-9643-eb8aa02450dc,tutandlóp
4134badd-830d-485a-99ff-5bfaeaaa78e9,tuthervel
6f6de187-fb55-47e4-8c9b-4882327f4e65,tutrampie
149e4171-bbd8-4212-838d-15d03ed07a9f,tutglegar
6f4fd370-2ea5-498f-b482-c0a20b900fe9,tutartsam
cad31c0c-0f8a-4e49-be58-ee6c52517c4e,tutcargar
9d6df8d9-9551-476f-9f1f-16cae5cbb84c,tuterican
5562df2e-2bc9-4bc8-b4c0-4adc9e2d85ff,tutjosvel
dca2bd23-3d11-4725-a712-2c1d1c0cf924,tutluibol
9854384c-1eae-46f8-b495-727d3eac3ef7,tutoswesc
9268ca02-010b-4155-81d4-6b967a2bdb8d,tutcarcaj
bfc4d7d7-d50f-4275-9099-9ac26b49a402,tutwalalv
5237c0e5-c343-43b9-ac78-6b6608c39ae9,tutingde 
cf397756-1f23-44cc-8470-82d76d60d240,tutjulsol
65cd6918-9043-488c-98be-856a157f5bda,tutrafmor
a0164778-7c84-4abe-b114-3f03cd6b521f,tutdenarg
c0001387-5c58-45e9-9191-3d8fb200b7fe,tutjesguz
8b8d928c-93e7-449c-8a1e-0b6e40a71a26,tutwilgue
46e1c6df-0d15-4359-8aec-5ed4a211245d,tutedgorn
dbc5a7bf-b9e7-43c1-bd63-3f45ce7f2293,tutyefros
2e33469c-860b-4c81-adc9-cba9d53c9d52,tuthugmon
de06bc24-ef88-4fe0-8e21-68f446feb70e,tutfraros
0dc2eeb4-a9df-4dc3-8012-4f25a13d4d1d,tutcesgar
ff0b9765-f9f4-4b85-8d32-1ce97e3cee5d,tutgerort
fafdeba4-bbd8-43a6-bbc4-f4655a423161,tutanaher
ffb45b08-1d3c-40cc-a921-48cec7557a7c,tutwilfag
ede8ac57-a7dd-4f6c-9de3-3037e63beced,tutjulvar
044904f7-3d79-4df6-93f3-6c162fafdfb4,tutrobguz
3d53e795-99cc-4f04-96d5-abf766572902,tutorlpos
61020990-fcb5-489f-9ce4-e9949e020fa6,tutjorgod
7a144dba-90b1-4877-bf33-b29ce758aeb8,tutmangal
456ad22e-6d74-4e99-8b5c-cea573ab1e4a,tutcarde 
c4ae2c99-df29-4899-81da-e0ebde0265d0,tutaurcor
03b12749-dafd-49e0-a783-8a227b298c44,tutmilher
99b4203b-3d33-4d25-9fda-d8bfb7b7e76a,tutmilfue
1ce0260b-e4ac-4fb1-adcd-3659df5b4748,tuthugde 
197720ca-8762-464b-9447-f53852926cb5,tutyesmar
e0c73af8-76ab-4384-81db-bed51e21e999,tutalbher
4d037f71-e81c-45fc-ac57-fb4e98f5576c,tutjoscha
927f476c-141e-4957-936c-67348f8252bc,tutjulroj
9fa82612-30de-4576-b890-2a8cdbe0e286,tutmarde 
a3e35985-48e3-4e7d-b841-85da6c87cfd6,tutlaubri
81e27c60-de23-4263-ad5b-73045219d73d,tutedwixp
300e17aa-f60a-48f8-a9b4-ee89ec55a2c8,tutelmsuc
80790b64-2b3e-4846-aeca-d2aabf25113d,tutyocdel
e7e14aa0-7006-4b14-914b-4d1b0fb0eccc,tutjoscam
37b73248-e48a-4e0f-a5e4-8b28fa031ae4,tutrenriv
4b4708c7-d5e4-45a1-9dc4-c43f52f09da6,tutoscseg
b77edbc2-8957-484f-8ab3-55ab7269642e,tutmarma 
08930c0e-9c6e-47c2-bd2f-0cffc949689f,tutnorgar
adb0c328-1cea-4cf6-b912-aca7b497f571,tutguimen
50a2b416-073d-41eb-856b-49b6bdcfdefc,tutjullun
69d0d052-4a2d-4a16-a30b-d42107c8267c,tutalbgue
1a3bf410-f41a-4b4b-a299-52c09cadbee4,tutsuraba
5121a21a-c8b3-4ced-ac0d-4f4881c50d96,tutmigcan
3c3f3a2c-79e1-4be3-a633-4202b5df31c3,tutjoralv
a3377251-514b-4bca-a51f-be518556f3a1,tutcesfer
e9df5fc1-8e44-4706-a873-bc24a4952f56,tutmaycar
18390626-95c6-4941-a69f-750c3a4464af,tutcargus
ceac6e8e-bc36-4dea-84e5-3e3e5d0f60df,tutladeli
4207412c-684e-4705-9ffa-b1af4dee4061,tutmancas
64db66c9-742f-4c68-ba8e-4f0554c0a2d5,tutmarper
66670685-2aca-4c1b-a911-10d30a12697c,tutjuadia
dd702a97-e217-4acd-bad6-36a80564cd52,tutottrod
995b536a-ede0-460b-930a-8f8501a6e94c,tutottesc
c4ea01c5-f623-4a7a-b579-c6d0963bc04b,tutgabdia
a5800672-4e5b-4476-b355-ba708f5a2a99,tutevemed
3dbcb255-63ac-4052-82c1-87e69bb62ac1,tutbaylop
49cb7c19-0737-40ac-b600-99abf64c0b89,tutclaroj
62410a29-a26d-4e76-b07d-64f038665701,tutferpaz
cda0e142-7993-42c3-b65f-580f268683e1,tutvirtal
240b7890-0bc8-4ed3-aea5-be20e8c8dc9e,tutmanlop
bf5043a9-c5a1-49f8-9a34-b853db9972ae,tutluivet
96e9c5a5-89b8-474d-a81f-a17e04a0943a,tutcarazu
3b5e4b1c-7251-4125-8e2e-29f565d729bd,tutcarmor
9287426f-5f67-4818-86a2-a5fce7a868aa,tutjosgon
dc3e7202-8be1-4307-b9c9-ec827587323b,tutluiesp
199945f9-11a5-438c-9689-cafd2bfbca86,tutjorpal
653a55d2-cce8-4a36-b8cc-1c3c56f2ceee,tutanade 
b9b653f3-7987-4b24-91a7-685961fd9996,tutgrecal
33b6f354-fef5-429e-9538-f96257f0fbf1,tutfragon
f1a0bcb8-3877-48e1-b65a-b4bc3f2696c6,tutsigde 
e4a580ae-cb36-4ef8-9ce8-212e375ac48f,tutkenest
6fe4d937-667c-4db9-8dcd-b4210999d4f2,tutjosvel
9b4b02e0-fdb1-439d-bdf8-47a303bf88bd,tutpedcas
8b613cb9-c7c1-4d52-8b17-48683a98608d,tutderesq
222e37ad-4581-4420-985f-6137a6103314,tutdiepér
a5cdcbb3-b180-4b6e-951d-97f1de2248c3,tutwalcot
4a203d1a-326b-4a73-b2d3-a3b700793252,tutrodde 
058e8eba-3ca0-4cce-9e8c-487261e4e856,tutandcab
2fbcbe3c-0870-4881-bb8f-5ea9522e91ee,tutjosmon
3a48019b-1b11-4ebb-8aaa-6584a956d03a,tutserari
f21169af-d507-4d2f-a731-5a0d24a7bc3f,tutemivel
2cfceb2b-baf1-41eb-b1e6-497d6117cf92,tutjorcas
fd986798-d4c7-4819-98d5-cc7238deddab,tutoscper
c5ba90e9-e359-45dc-acca-15a9c41c49a4,tutdiemol
1de56984-91dd-4380-9c89-5d7103d3c556,tuthenmen
ca9ef5da-cedd-4b39-8aa6-ca970583e94b,tutbranoj
64c0b93c-ce4d-42ce-801e-d3379ee5fa3e,tutcrirag
f1730884-0c1e-477c-815c-1fba5cc8734f,tutpabaxp
d917a847-2a2a-421c-8eaa-5c22a7ba084a,tutjosalv
e6dd50fc-c63b-4d13-83c9-09a6342c9f06,tutjavde 
aa835f08-34aa-4182-9160-565c53664b85,tutcarqui
c03e9fd8-815a-4f35-8eb6-f8ba9363b0ab,tuterisan
abddfdee-44e2-42a3-b4e6-5d1cef30af53,tutsaubar
33a2e67a-6d05-48e7-bd82-2363da0599f6,tutjostob
50516a6f-4f29-4b8f-ab44-ee6a8c386bac,tutmarmon
9d210bd9-98ae-4b44-b02c-846ad708794f,tutgerort
bcc9ff6f-7624-4a41-8378-ac9a5f870725,tutvicavi
26eb3a84-094f-407b-a35f-b1cf8f3dd870,tutbrijim
58b0a963-e2dd-47ec-879f-7b85705e5a0d,tutemecam
182f3aca-d53f-4924-ae38-d0cba896b347,tutglaest
ac188863-ef12-43df-8229-459e462b42aa,tutowetor
ada77d6b-8980-4863-9fb7-69e1f971c3b8,tutluimen
b6015b3a-0b20-436d-9132-3c424850b9df,tutvicgar
2d5ca2ef-ba16-4f72-b325-6addd0aeda3d,tutluila 
a7d1cf86-d48b-4cf9-b77b-dd449369bdff,tutjuagod
9eba3c9a-0ffd-4ef6-8a82-009f95998d5b,tutjulvil
0fe3d506-d258-4cc2-a6e7-189673dde032,tutcargar
7f4a7959-e360-45f6-97f6-e12abdd313c1,tutwallóp
911b1cff-09f8-476d-992a-572e50f748eb,tutchrbor
4c684bdd-22a3-4262-b58b-0fa99c84c4bb,tutilede 
57d299d6-9ade-4d42-b8e3-094bdf49c713,tutottsuá
0482c36b-19f2-44db-8913-9d82dc1785bb,tutmarroj
7369a3d8-530a-4c6d-9bcd-448b0f52550e,tuterijac
f44fe46f-4f62-413f-b10a-561fa640c622,tutedwbra
9de250cd-1ac7-428d-87fd-bc7c0f112eea,tutmayde 
7c5fe042-4758-4853-a3a1-8f4d0bb838bc,tutoscarg
854af05a-d9d0-467f-b916-fe6fa43114c1,tutgerdel
71254931-0a32-49cf-a168-d04d986e8493,tutjavcer
c1239dec-0a65-4ab2-b566-6fe775747cc6,tutalerod
0790a9e6-3346-4153-a756-78f8bb9e041a,tutevemor
561704fc-1336-4e14-a3d9-2283a20024f9,tutmirde 
c85ced17-1c74-4d2f-b117-ab6f4505e2b9,tutgerord
c56a6ffa-8635-4c3d-96eb-a6c0850de6bf,tutbrycas
4d34b5e6-6038-4623-a03a-2086d7031e58,tutpamsik
ab32e174-64b0-42ea-bba9-87aa1505af0a,tutvicmon
748b6dbb-ad6d-40c4-aafa-f9dbc578c7e0,tutvivcam
f7474f81-9725-42d6-b72f-ebb2fb3618e3,tutchrde 
08865c82-386e-4a2d-b623-3887290af2b1,tutsilrod
e975bd3d-8e7e-47a1-aba0-84000e132ac8,tutenrpin
dad1e85c-de6c-4eaf-ae4d-c87cb086eed2,tutkeitom
de0c1cac-1514-4a84-8294-70bfd4043e63,tutluiper
a9d808ed-8347-4b04-8912-5957c573e274,tutfranav
5ef4eb67-b881-4150-b3de-0ab7059cb3bf,tutjosarr
f509e036-683f-4e76-9365-da9b4c88de89,tutademar
54c7a844-1f85-4fd8-bd47-539cf1a9fdfe,tutemmech
fe2b8d63-f0c1-479f-bb0a-58b5a0b5de00,tutluide 
64b8a2b5-e84e-41c9-9496-ad802503f1e6,tutelmtri
734fe52d-86ed-496f-a3e6-aba40d8ef05c,tutdancam
1a69c893-9910-48d8-8743-f6e10e25ed5c,tutedggod
9fb5ed52-eff9-4b44-af18-37ee5861dc3d,tutdanesc
139ffa71-b5b9-4936-9fa7-92f243aa2fb4,tutmonqui
b32d38e6-70ca-4ea8-9205-207f28c8cc65,tutedgtor
6ad10c1d-eccd-4a05-8d0d-72bc17c05dfd,tutmarriv
ae4d5b25-8246-46f8-89ec-4965706190a5,tutshapu 
02ff39cc-e269-4709-aa9c-72e3661786fe,tutjossaq
d606cb16-937b-469f-b75b-1d6c6ff48e5f,tutcesvil
6c8f6165-2dfb-468e-aa70-fda64eeac048,tutsillem
afed18cb-89c5-410e-8818-a2e1592944d7,tutjualop
a5e7e8ce-edee-4b99-b5ba-95677dcefecb,tutrengir
060a2405-b37d-460a-b1d9-5761f9a9f777,tutotthur
b6854139-a585-495b-a3a1-a75ae5c0dff4,tutedgrod
c4606f33-1d37-4245-956a-8d6342bc06ee,tutberde 
89ef119b-47e2-4ed1-9379-088bbe92aeb2,tutserale
66f622ae-dc89-4ac2-b04d-6dbe46b1a3b4,tutlidjác
89d2d88c-2b3e-400b-b8c9-13b5a987b3e0,tutrocmed
73c65e11-6e63-45f7-958d-520485065ed3,tutwilesc
1a3e89cd-f5b9-406a-bfff-062918a70902,tutalvher
e82c1f31-f1a3-4243-a43d-8e0e2eda8752,tutluiari
9e20bf04-d080-4c28-92b9-e7b75b5f4b76,tutjurram
30254db1-81db-495c-9d82-93658d5a9fb7,tutmarald
9f583e3b-73a9-4f5c-8a81-05fee83b32e9,tutmirald
c307bc54-1de8-45f0-acfb-752c5edd3cfe,tutflode 
ced49a29-1b5b-4b78-a563-53848b1e326c,tutnefcal
435cc632-e5ab-42fb-9749-acf9c91a8f80,tutedgsan
005fd801-6c5d-4a4e-bbc6-99dea61a1d50,tutrenpon
a929d934-f164-421d-9032-e3d23ad58d48,tutnorsar
43390a49-4288-4b19-a031-a71e5d30607a,tutbrypáe
84dca7f6-110e-4aed-aecc-1cf1b561ef7a,tutdandub
0617b394-5d0d-4adb-9f1d-fe0aa2a98dd9,tutjosmor
bbb8f818-b343-46cf-8eee-ea5c83cacd16,tutjosgon
ef930a19-215c-4bb1-bbcb-7e62323c8f63,tutcarcas
6ada11ab-1663-4bf5-a0e0-14a0c026637f,tutdanchi
91b7b2d9-6198-482c-b47d-1932ac953bcf,tutedimon
f543cae3-2ebd-45cb-95e5-9a017ec59462,tuterwvás
ebd88e6c-9e94-49c3-9155-dc6db45d8327,tutfabrey
77d1cddc-000a-43a0-9287-973a946d512f,tutcarvel
dba888c9-595c-46db-b923-de1793c9e1bf,tuteriber
3fd850a2-f18b-47b3-9874-78807a2c30d7,tutmadpér
c0faeee2-92da-40e7-966f-eb6230ab0894,tutjosrod
3a772d85-88d7-4f70-930d-9ed8678be06b,tutjohcha
6aa58ec2-f55a-4e56-95c6-6f68b2258635,tutluiriv
9299a5bf-0e16-40dd-ab16-a6453a2959ba,tutcarran
5992969f-7f42-4fcf-8035-24555e709764,tutbrichi
d592a8db-80c6-4f08-aac0-23efafd8410f,tutcesgar
158b5fc9-2230-4cba-9e08-495e196841b7,tutlescar
2a65ec97-6379-4835-a1b2-86de29be7676,tutdavmor
6017caad-f873-44eb-bbef-a34dbce3c76c,tutfraasi
166a08f0-c80d-4d4a-bf05-f4b2bdf78c43,tutclade 
0b8127bc-5f12-474a-96b0-0037a0f873e3,tutcalmon
4f1d6b92-7b09-41c3-adac-47e4c9644963,tutbyragu
d297090a-26f9-47ff-9f5f-2d649073c547,tutzulagu
8d2ae072-c3a2-4749-a483-2bbdeba7f32b,tutjaibat
425fe644-6046-4e22-ba30-309e370544ae,tuteldpum
e4d87a7d-3c27-4781-b7b4-a1070ea55942,tutwenoro
d586d41e-411b-4e6b-ae5c-6de6b72bdcbb,tutjospar
58921d55-5118-4d2a-a2f6-dd6c6b0f9c51,tutmynram
33cdbdc8-b1d8-434d-a332-e024ec204869,tutangcha
8851aab5-5ed4-476a-8244-c54d430a81af,tutnatdel
41b54b8c-600e-4d14-92ec-70e440b09353,tutluicab
557da9a7-644a-4190-89ce-ee0b21ec60a2,tutdanjun
6fd68f5b-5a87-4ce9-8c95-c4cf72f9648d,tutlinpaz
842d2e26-b8c8-4c87-afd8-043cacccd6d4,tutcarcat
f4f69853-62c5-40a0-bf8d-1f6a1c88cb44,tutingflo
c76c51a4-1c32-40aa-814f-bf66b32e1853,tutallram
de24c657-fde6-4f45-b822-f5340c1926fb,tutmarleo
dc0d6060-89bc-40c7-97da-a7589a188703,tutfragar
fe749f7b-c682-4b93-b53b-f59ad7788dd7,tutmoivel
4f105afc-6d5e-4c1b-883a-d86c8f2a3cad,tutjosrui
2e0c4273-4f3a-432a-bb45-cee7b7b35a54,tutoscpaz
bfcd6530-f2e5-48cd-b52b-5bd430a09b3e,tutkevlaj
265a88c2-8a62-4115-ba5d-d22629393efb,tutdavmal
9e458d2f-e71e-458e-b8a7-e75487b10fca,tutpaugar
042f17db-40ce-4496-9d03-57e39bbe1f3c,tutkevmar
5e8322db-0ba5-4e04-9651-5ec1cabe0ab8,tutallrom
095c1d80-1b90-48b7-8e1a-125bcc20bed2,tutcaraca
6f97b982-5974-43df-a846-9ad3d42298c5,tutbrapra
c585b29d-1855-4365-84fd-02862ea5b53f,tutrodqui
bfef0552-b28b-466b-a977-39ba9e5e2761,tutmádpér
53d94f98-4a9c-4433-aeb0-68dbb8aee6ef,tutjostun
ee81f205-a9ba-4057-8c5e-d34a1ab23759,tutwilmen
19b0bd8e-9209-448b-b109-4d50448389c8,tutkimher
238edd36-b6d1-40df-b03a-19fc71dd1948,tutjuldia
cfaf44e8-3a37-4bbc-bede-72bfbcf9b56d,tutcargóm
704befa5-d852-4d1b-b197-7a25ab3273e9,tutnoegra
9d7e8615-f5f4-46a7-aec0-9edf090a091f,tutangsic
2d72ba7a-21e2-46c5-b28d-68818ed59f7a,tutcaszec
55347894-0b55-44e4-9f51-c17f955e978a,tutdienav
e0ef922f-c7d0-47ba-a434-1a317464ccb7,tutsergom
8ef3c777-32a3-4800-98da-1854e626cf5c,tutestval
53ddecfa-ad0e-41e4-b9c4-c44e558c6d48,tutandpon
a6f157d6-32b6-4704-b456-e95b76c01a43,tuteddsol
5173a462-9102-4e31-aa26-30e901674b4b,tuttonbar
333042bc-9df5-4202-b309-da412e8fc021,tutnatech
67018a7a-9df3-4ee4-ac4d-e3bea8334f0b,tuttanleo
23c7827b-db03-47c9-a544-8fb9d91518f5,tutmayval
c583c924-72fa-4653-b226-503aee6db0c2,tutgussan
a79cbcfc-196e-4379-8490-6604014a1c6b,tutcarang
dc8503d3-4b02-45cc-bfe6-4af7f0749888,tutdourom
5d51fd8c-a02e-4b2b-bd5e-d4ff40d0f695,tutcarchi
0eca3bee-777b-4000-8c78-8ff4cdacc344,tutrodde 
968fd05a-9eb3-4a6d-a0bc-54fef53a866d,tutedgleo
26c092e7-8a55-493d-89ce-573f22da0cc6,tutrongal
42125b5c-f1c4-4789-b72d-368b53a2b751,tutmyncif
22cbc81e-58e2-4924-938e-7ddaaf5ac988,tutbrylóp
d101b673-7763-4c2c-bad4-4aa074e54077,tutmarova
aa84fc34-eead-4068-a96a-f76fa0cb9ad8,tuterilop
43521914-18aa-4315-bb0f-ca40400ace50,tutdenbar
cf131e9d-4f1d-488a-add6-24b2ab158320,tutcriarr
60a6983f-92b7-4329-b883-c85248d00228,tutmilher
cd463ceb-040c-4e0b-adfe-8f84eb8136df,tutaleest
c7859362-085e-4714-b6f1-bfaf1fe90125,tuthelram
2893b3f0-3195-4769-82d5-2f8f43c93578,tutnermej
c53deac6-5343-45ac-9bdb-2565421dd38c,tutedwsar
9a2188c3-71cd-43cb-b3c9-311066bebdde,tutayeoxl
37eb27d7-36f1-4bd8-bd0d-afd565678ebb,tutluialb
0cdbebd4-9b95-46ac-8404-2fe89d74ac3b,tutangpac
3cfe2e0f-394a-46e7-997b-2c5ceffd9896,tutkevlóp
83c07d09-2030-4bc4-be54-123a8a3915cc,tutbaycuy
827cc20f-d170-435e-8f0a-4e18f05e5aaf,tutjorgon
8afe86bd-6df9-4f1f-b8f2-d87bbfe7b8f2,tutluiros
51978940-ff02-49ee-84eb-70686dbd3130,tutsilhur
b3069a72-6b50-4a7b-a1c2-6a9e521daa20,tutemilux
e9ede6dd-e168-43d4-bd7f-5244e0d27288,tutfedzet
c01ccefe-23b4-4860-a099-90ad3249f065,tutjaicar
101c3f08-505a-43f4-90f5-adb44ed88ea2,tutjosboy
c9f3eed2-4675-493d-9de5-a9143adfdaab,tutamasan
1a565ffb-113a-414a-9b53-afa2f74c8952,tutrodde 
25d734e6-b3cb-469a-84e3-0da9dc339f5c,tutpedmor
6ae8633e-3494-4351-89d9-804fd5e6d516,tutfrala 
308d808b-9cea-4e17-ad80-f8dd5292846c,tutdengon
62f65268-b296-4618-8a52-541da0844009,tutjosleo
899399f0-d5a8-4462-b736-a8a66d2d4bea,tutsingod
63905922-5dab-4fd5-8544-fd9b42906671,tutkencor
501bf623-b7f8-4609-be35-e5353d1f6233,tutmaycas
ec0a6c71-09d6-44f0-84ca-f1aaafb79e59,tutgabsol
1c9ce92b-48f9-4c88-90f6-e7044f11856e,tuttelcan
22349437-9552-429e-9755-7429594a4843,tutmirde 
f7b20ea1-8b28-4bfc-835b-7f68d005506a,tutoscmar
759c6b0c-5f24-4175-8c8a-ec269b8ffee9,tutclacas
7ddaffe6-43bd-43b2-aa74-edaa08886690,tutosbcar
ffcdbd06-a7f6-4fcc-b67a-5837b3fa0a5a,tutedepaz
9b1619bb-253e-4086-8b5c-bc35395d85bd,tutpabsar
6dfa5fb3-a613-4230-b515-4ed38ac22c9a,tutesdmir
23ec1134-71df-4066-b2f1-71717c484ec5,tutnangut
20154911-299a-4c80-ba83-28c0044ad43e,tutismjer
46014489-f136-4b98-9c1e-c60a22ec758f,tutjuamer
5c55797e-a644-43b8-8e49-e079dd905907,tutjospar
30316370-5dbd-4222-9d31-04ae4ce590d7,tutjosmen
6945be70-f9ed-4c50-973f-da2fc2532f86,tutjuamor
72610f70-3a3c-4fa4-a51b-48dbd30df307,tutedgcha
1eead474-8d29-4dd5-ae8c-935009f71b99,tutsaucab
d11c5c80-971a-4d93-8c5d-a7b46be28f46,tutcarwon
879bd700-dace-4091-bff3-af067c081877,tutwalbar
d0a9ccf2-9005-495c-a763-08c57e0cd2cd,tuteriher
51b64d85-256f-4884-a218-266e2bd70f50,tutjorest
75e24186-cd37-420d-9555-4b5e4a765006,tutgusoro
e0b74408-53a6-4696-b209-a76726dbcaa8,tutarmgal
366ba94b-805b-488c-83d7-637ea0ba49ae,tuthelchi
7a8d2c12-8c9d-4521-9db8-70d74414a7c0,tutenddel
73058510-b860-4e89-a02a-c4d37211dad7,tutdanvas
4b1cc7db-6d65-409b-bb1b-4f1e9a9445c4,tutfermos
a6110618-f710-4084-84d7-b649d901b3e1,tutjosbed
380d62da-db0b-4c2a-b601-9804ec26b2c2,tutjulgai
99c8d591-218e-421e-b773-de52e4e3461c,tutjorper
e5ff8ddb-69de-4d2b-bdd5-9ae27db5fd81,tuthecrey
50e7dc18-a996-42cc-8ecf-a4c8c30f86ce,tutjuacor
72da0bf6-0469-45e0-85fe-8e206768d9f4,tutluidur
25dd6bd2-3e1a-4abd-8388-f1166f70760f,tutronher
773412b7-be92-428e-8114-b85299f0fdd7,tutmynfig
7754ca73-01c2-4a2e-ab34-f924100b9510,tutjossam
3d02525b-c123-4bff-b4bb-fe0d58d30b3c,tutpedagu
a8ea560d-30a3-4180-a5e1-7da27035df45,tutguimel
977ea7f5-3cc6-4248-bf93-37ca3ebcee55,tutwalsal
ff2507b4-b55c-4ede-8dae-25fdbaafd1b5,tutjosgal
aaf4f053-9b6f-41fa-b6a5-a4e6cfb4a67e,tutmarcor
5426a687-ef8c-49b4-9bf5-9694e06ba5f1,tutomaflo
f952d400-cde8-485d-a752-baa0cab50523,tutramsan
7505c46c-83f0-410c-915a-13bde6fa83de,tutadogra
2628ce9f-e9c7-4f8d-be58-6e1f6467fa47,tutanamon
43a814a4-7862-473c-9af5-7a2aa8ddbc01,tutwilalv
d67050a2-d14f-437c-9837-1cd8327a356d,tutkarher
4437128a-a6cd-44f6-85d7-95f81f0a8c19,tutdinde 
0551adbd-67f2-4dd9-8694-39760ae14657,tutmarmer
e0466693-b742-46a9-a519-14cf1bafb85d,tuthilpal
237d9903-d1a2-46a6-9e29-6167b3462617,tutjosord
29391203-75e2-4844-8579-8018609bf7a2,tutestjer
ec9a3468-4422-4458-9e00-dd07d1d072fa,tutvicbar
03ca30b3-6343-458e-9a29-dddc83fac877,tutfraher
cae4d520-5627-4470-a0dd-2c24da93be9f,tutjuajer
8e6f6612-82f6-483e-9bd2-b2bc9e1a40fb,tutjosval
36dca220-d98b-4883-bd6a-7702fd93806e,tutjosgra
2d6fa3f9-fd80-43be-8886-8611915c7b98,tutosmgod
e65ef93c-9a3d-4ee6-820d-0f3dd186d3df,tutstasta
4d9621db-ca88-4397-be76-bfe5254efc7b,tutkarhur
b2f6c1ff-04b3-4a4d-a817-9844f11b1e2f,tutmaragu
b0edb68e-59fc-4624-aefc-9c57dec8111c,tutjoslos
42cb2db4-28e4-4592-acc2-f1ca2ad7a86d,tutedwzap
a8dbb2cf-1f3b-421a-9b3e-dfa274fb0cd1,tutálvlon
e84cbde6-c59b-445f-af2e-95268fc23f17,tutmarbau
10865e95-be07-4836-a93b-4e0a234fcdea,tutedgsab
0a20bb46-a313-4af7-8918-3e40fdcbad27,tutmarlop
12ebeea7-f395-426a-bc11-3aa3fff5fbf1,tutpedher
e666d458-c7ff-4903-80fd-513bfe1b42b4,tutallmor
699ac121-70c2-44dc-bdbc-b08137e18ebe,tutpableó
6da2f4a3-7077-400b-afe2-45cd923a9d8f,tutbremir
244c9c70-585c-4375-8f2a-d902a9fd4ecc,tutcarari
89b02efa-5b2b-4e89-9510-93d8a17971b7,tutandrem
1fb717f1-6237-4016-a548-5de4b9d76a22,tutligvas
ac640511-3036-45a5-b887-595a4a45ac25,tutjosgat
3477b571-5a96-4edb-98d3-fa78f5190771,tutcarcas
863726f6-99ec-4199-9b43-74e6a05e120e,tutluialf
4c87cc64-7d9f-491a-a9c0-20e5b6ef8986,tutjualin
0e69b976-f90b-4b16-b9a4-e2bd16afa8d9,tutcarper
f3261597-d130-4266-8106-8f3184158a87,tutmarmor
a84e1995-23c3-4e1d-92f9-ff15302308b9,tutjoscho
a5ef3157-fbdf-4958-a58c-c8b6f0aea0a2,tutwalgue
38e777ca-d673-4762-b94b-845e87384bd4,tutdansan
5ba5d021-5d8e-4f0d-81be-27f1b7386478,tutluileo
2bdba029-9ce4-4419-9235-6e773faa451e,tutjimlar
fc4041a0-3783-40a9-85b5-28679f59734e,tutdieobi
accc1df2-7d5e-476c-b3ba-10ad347645b9,tutmella 
d0c95b68-64f1-474e-b727-2f62da7978c2,tuteduixé
8e6499de-a78a-4637-947b-9f6d2cf44270,tutanacon
af0875e5-71d4-4587-ac05-07e995043236,tutdiecam
2ba66d85-d1bc-42b1-9f46-b03f2c289cc9,tutluibor
10109156-b1ba-422d-b1b8-8892c2dc4e7b,tutkarmar
0e55fa1c-e64b-4529-9c83-283489e9d982,tutrigsan
edeea1d2-ae73-4f6c-b501-63998ae1334b,tutmarriz
af306f42-838c-4831-8e9d-deef93d64285,tutseljoa
06397ae8-4a3c-4003-9419-ac0437a8a812,tutjairui
a23770fa-e507-43aa-a152-f88ce076ac98,tutaldoza
bb2237cf-d7ab-4a63-87f8-8287fc58030e,tuterwgon
04b7abae-0209-4a40-9ea6-618ddc106e53,tutedgalv
564c7312-bbe1-408d-b286-dbd89f9f86cd,tutmayarr
a08f4dd7-8384-4a85-b832-691d1b9c8ac5,tutbyrcho
ded1ae59-de58-4f15-af31-152d280759ae,tutdiebar
49cc00a4-e23e-41d3-8904-93f91a7f5972,tutedwsar
c8681072-fe16-487f-950f-a1948d28572f,tutmigzap
ed00a489-f20b-4b11-a34c-07923500c6bf,tuthelmar
2baddce3-4fa4-4a77-a840-7cf4c393ab2a,tutdavfio
458d6203-15e5-42b6-8de6-38deb6d1ecfd,tutkarmei
b25b1c17-6d6e-44f2-b649-2df847151290,tutnescha
499607bb-3a5d-4181-b957-063f5751d93c,tutcesova
9f7f9e8c-cb2a-4836-b6dd-4760359b5a42,tutoscmon
5b52bde3-2505-4cb8-b10a-f57d450ad9c8,tutcarmar
049ca248-bb2c-4253-bdbf-c238a15da210,tutriccon
5bf8c250-1413-4599-84dd-795d08e3ef39,tutmurpai
a46317de-4dd4-4c1f-b28b-43ced7a1143f,tutvícpér
5e97e728-da28-4a52-8774-4cfc79a7e3b9,tutnorsig
53292ccb-4918-47a1-9e3f-1b485d0994af,tutwuiyon
838010ba-1926-4b23-b688-3eb75b59ed7d,tutcarchi
16d64d49-1a10-4b12-9057-f3f2b4ca9458,tutalecas
c8c319fa-059a-4197-913d-d4b095fd4e98,tuterirui
845cb7e6-7c07-4a4f-aa67-106535a51ccc,tutjorgar
9923e82d-e915-4656-bf21-2e7f6cda67ed,tutangpil
c3ab4033-75ec-4edf-8d18-611e971d7560,tutmanarr
3921abdb-075a-47b5-a97e-b11221878d1b,tutdenleó
270c989e-af87-4322-8649-3d80353617df,tutcarlóp
2e19e288-5a5f-4498-a0ad-c22b07e23a48,tutdeilux
fa0309d4-cb49-47b2-821f-e620d9cf098b,tutbyrcaa
1a6898d9-f7d1-4f9b-845f-c5d1eb144309,tutvicde 
9c621682-1e3a-4304-9f80-6113ebad6bda,tutflogon
0580eb62-4b61-4801-abbf-082e1fd1e420,tutmarmor
4aed3848-0062-413a-906a-ccf96293b447,tutdiapac
42fb98f8-6e2f-4fb4-b189-cd747dd87e22,tutlesher
fa9e16e3-be9c-496d-858a-99e797347f41,tutkarpér
24801640-8ab3-4c81-93ac-4b8d9adad81a,tutluirey
4091cef7-f070-4f96-a5a6-5d9c1b8d0288,tutwalgal
c46bc198-826b-49ca-a5fe-6276e252de19,tutnatreq
dccf81a9-71df-4bc6-9a86-6bc0de1fecd6,tutserfel
d553d3ea-7da1-42d6-95b6-6ad9e0711fac,tutcarfue
ee169a4d-e8a5-4d0c-a2bd-77627261bfb9,tuterigar
79f78b3b-cc45-4c07-be14-a5a929e21e06,tutmaresc
98695bc9-4069-47ae-85a9-237ffaf5efa3,tutcesurq
1924780e-2858-41e7-a43c-c5cf28f8ec9d,tutluileo
da89a765-36b9-4915-a5c2-8e49c7bae51d,tutbenbac
bf591aeb-2d07-4c04-b711-3d4960ecb0bc,tutjosmor
f867fe17-de63-4a9f-b82a-afce0c1b9d11,tutlorpin
81f6462e-ff6b-4ac9-9a48-68303cfc636d,tutarmriv
e32dd3dc-97b5-4b0a-93b8-9515923a41ed,tutalesun
f8a9a524-ecdb-4cdb-a916-f626665f48dd,tutkevcal
20b7d502-0dd1-452b-b81b-9a10e896c56e,tutjosarr
285ee493-f28e-4d75-86b4-ca7d69e73b0e,tutjonalv
2c639812-b53f-45ab-99b5-1deedce10a0b,tuteriagu
c746d7d2-6fe0-416e-91e9-df6d6d51e249,tuthugpol
599f965f-4ad1-4809-bb0e-db86e346fd69,tutevegua
fc9ee29e-77b7-47c1-aeff-76646632b4a5,tutjospal
2050a4cf-84ca-437a-9189-a8ddc5126ba4,tutfercab
ea38fe88-bb5d-44ff-9e0e-78362c4506e3,tutdébmar
811a73f5-6825-4748-9876-aa861177608c,tutpabzap
8f422a8c-8546-473c-881e-d49285eef140,tutpauord
ff98081d-f8c8-49d9-be81-f0f1dc0f2866,tuttomech
5c4aa555-29a7-4efb-97ac-4edc07d26847,tutindnor
ab68eb93-d669-4d80-bdcf-2cc0e8cb325d,tutjuaord
b6ec76bc-5eea-497b-b89d-038bfffc5499,tutnazyáñ
531de532-fe33-4946-b143-35bfc210acff,tutjossie
9fa6276a-d843-4e4f-b947-6343207473a4,tutestmae
492aa83f-d6b7-4585-99bf-04ad6cd81fac,tutolgare
07ad3c50-29af-44f2-bf65-99b89b0ea6e1,tuttripri
cd6ffa74-3ab3-431e-928a-2a2e9da8148a,tutfelnor
49ce1e1e-f97e-461b-9ed5-86177905dc73,tutjuacha
61d12a38-2a04-4ee3-8c7f-e199c34466ae,tutgabben
fce40e8f-22e8-42f2-906e-460f168869c6,tutnerqui
54dea2c2-35d8-48b2-ad5a-57e2022f760f,tutbrucon
d8cdcc99-b987-4769-a3db-f09a31635912,tutrobcep
d169a89b-3120-4268-b9d0-518433c4e7cf,tuthommon
7e4bc24f-cc6c-4734-bc4e-0761960731e4,tutvalfer
e918110d-1451-4a86-adb5-3230179e4fbc,tuteliros
9c505ef3-a176-4d80-a6a0-faaea7455aa1,tutarmper
498e952c-73cc-4522-82bc-c2858a3ee3c7,tutestsol
72f8eba1-dfd0-4398-a46e-439a3df802a8,tutmigáng
9ba34949-94ed-4ee2-8b48-0affbb6ba08a,tutvanurb
6c3175c9-a265-4848-abca-43ac7cc4781b,tutjaclon
e415c93c-b1fd-4d5f-b6c4-90ddb79e5380,tutjorlui
4cbe97a6-da02-486e-b9e9-e4b6779ab9ef,tutnanver
71e3601d-5853-4a1c-8a06-9f5575caac88,tutrencor
9ee8c81c-051f-497e-808a-cf4868f05253,tutmarcar
42e72c22-f468-498a-aebc-38aebe8bf8b1,tutaurmen
b30d646d-8c48-47c5-801e-64d32600d40a,tutherdue
d3c1adfc-040f-413d-a3be-1d472f51760d,tutósccal
18e94711-c493-48d4-b085-227dd59ab95a,tutalemuz
b94788b0-5122-4c3f-8f56-e84832b917fb,tutjosaco
aea2763c-ce2f-4358-9e5b-c026c671d8fb,tutalfcan
857c2b61-6565-466f-9a00-f3ef7fcfe688,tutlorzar
9c55ab3a-3ce8-470e-8c51-979df2f951ff,tutandmir
98992b8c-14b6-44ce-aee4-3e6bb6b35ecf,tutirmcol
c27746fa-7b53-4218-85f4-cabd211b84a2,tuttanbáe
e8d08095-a549-4291-8d80-26b2fc3f8126,tutesthol
d6b5deb1-ee4a-4e6d-9214-66609415d2ab,tutivocan
37374247-b612-4bc9-8f15-34553d98bb33,tutisamas
76d985e6-4169-4c40-ba5e-8963a8aa22f2,tutmarlui
88c9678b-db80-411c-95ce-e7913d0d1244,tutjavzúñ
cf18aea4-ad0e-4422-b8fb-c1dab9a32d55,tutyenzam
f2a3dab3-eb42-4ce8-8a8b-a0d67248bb8c,tutjulpri
11e943d0-be81-436b-9e21-d264e7e20d24,tutcrivás
9c7af2c3-fee0-47c1-a070-0817d13a53c6,tutmicgal
5dbb0356-b7c6-4ba2-9818-307aee1d1e80,tutmónalm
f787e27d-874e-46a8-9d6b-854875a660d7,tutwenarc
69b4dc1b-2ce4-469f-9c31-e1bc1e54e2b6,tutverváz
57031a66-ecac-4b77-84e3-e4ff7f9fae9f,tutnicnaz
b1ef5975-6d17-4a89-8d0b-018aa5fa1549,tutsangam
aae97798-9a8c-4943-91d2-9a3e1e3413cb,tuthuglon
185fca21-235f-4a1c-8c2d-161078342f89,tutfrajav
80beab63-26e9-421e-90ef-2b4080a4b544,tutyurolm
a537a775-1941-409f-8588-cc77862ad472,tutmirváz
b56f9227-1b4e-4ed1-9560-4bcb245f5d32,tutsoliba
29e2892a-b455-4ad8-bb56-469e339ec278,tutanalui
a8bdd5c7-2f0c-4333-980e-d580f8372aa7,tutalmolm
38db3d73-5a7f-4e94-9ed7-71336010c00d,tutcarric
8da7ae7c-0ef4-4f5d-a252-e0f04528d3a7,tutroscam
c16ee15e-9766-4c89-860d-2c52143dc59a,tutrocagu
38b377e6-c1b2-482e-8b96-70f89025e5a8,tutalmbal
3090d454-e3c3-4197-8d87-9b4a96c79c1d,tutwenzap
c3910c2f-b97c-400a-b336-ca7d65fe22fa,tutceccar
994e3a0b-7d69-41c4-87ae-bbd0b819a89d,tutnoeozu
994a0038-49c5-43f6-8719-7be5205e9fd5,tutelvcor
d0f0ceaa-fec6-4cb3-86d2-30ac386d96d2,tutjonram
144835e5-04f2-4e80-99e7-d05e877079ed,tutmaralv
6e714b84-4d82-4010-8e4e-d3d23958e42a,tutviozam
bd812204-ff38-4f9a-b766-481df85085c6,tutantarm
2c1236bb-5f58-47e6-8a4c-c5af2ee3a632,tutrosmar
f042ede1-ff1e-4583-a1c4-af8170122771,tutvalure
5283ca70-9d17-40a8-8c52-fe59a6a82f90,tutpedval
a55e5cad-bcff-4d19-bf25-27368b880323,tutbiacon
08a48a3c-4b77-4f63-8dff-f6bb1daf47cb,tutmarfue
c3eaf78e-15b1-4ba4-a0db-2d4580b27bd5,tutxavari
68c8955c-b531-4ad1-b8eb-ca78ea63ad3c,tutdolvel
f73527d8-3c7f-4d5a-ade7-fbdca634b0e8,tutalefon
b142fbe2-e0f6-4058-b0ca-fa847c3f9ff4,tutrogmes
614620b7-b3d6-4158-9445-2fd6446e98be,tutzacpar
e6d879bc-47b8-4485-880c-b234eb27af0d,tutalemoy
52b322ba-9bb5-4d92-a81a-a73c4cf58dd3,tutcargal
704fcd89-ce49-4be9-a0cb-de6431898b73,tutverbah
c2d03174-f47a-4bd2-9eba-668f8a15ece5,tuteducan
d08c18a5-b11a-4041-89da-486802b9e242,tutnelram
2670aaea-bed6-485e-abc8-be7c92400d99,tutagupar
7c2a0ff4-a201-49b5-80ae-6800a68ca035,tutroscar
d430bee1-e252-47e3-97a9-3c77124e0dff,tutelvlim
dbe0d3d4-ed7a-4492-b8a2-b253775254be,tutalodía
0704b0b3-bdec-4a2b-8ebb-7bc3f21f100b,tutgeocan
dfe8fad9-b5ea-485e-87e8-eaea33f2dba0,tutrobigl
02c6086f-81f5-4b39-b240-d66f62535479,tutletrio
3d702fda-30a4-4e8b-acff-c83a2e37df51,tutlinnar
145756dc-2171-429b-a6b1-cb754f13f52e,tutjosmed
ccdcd256-9f2e-4c7f-b97a-83ec6d090880,tutólicas
11073c27-6e39-4f83-984d-b246c771d66f,tutpabvar
94f2777a-2525-48b0-a63b-a0de3b7a225c,tutjospaz
d384e5e2-ac9a-4ff5-ab86-47c48bc58310,tutmarmar
a70ec9dd-1682-4b0e-8883-8783f5d834a4,tutgingai
e3ccacc5-5ada-479c-8e9b-b8e907f9b274,tutkimmor
9f0cccd1-7871-4208-83de-3cf2bcaeecef,tutósccon
bd476270-eb9d-4e9f-9411-8f8c578facf1,tutyurzav
d21b1d26-abe4-4aaf-997f-63e7d85e60cf,tutrafsal
500486e8-c486-4037-9bb9-cd8789a65f88,tutrufagu
18c1e820-119f-44ec-b369-115c56ee90b7,tutnorarm
e1e3a64d-a9b4-4772-975f-ff322dd166c2,tutbiazap
da79c556-24f0-4a45-be97-b594a525a747,tutfloigl
411a0c69-f8a7-4fdc-9549-81f50e0132ca,tutjerort
00fb2479-04cb-4c73-83ad-6bd4042f78e0,tutisade 
80a8ca90-3082-4064-ae02-37001cfb602c,tutpamlem
0eda49a1-c360-4a68-8cbb-62f0547637b0,tutfellom
efb3a957-912f-498a-a7c9-4d0fe649d235,tutrosesc
8afc4618-6388-4f73-ab44-465e72a4d583,tuteuglim
28d379c5-6cd2-42e3-b2ba-a2ef67d86f2f,tutpornie
1238e9bf-a61d-4e88-b586-1158292fcdba,tutloresp
28c5d592-5f1a-49d7-8a2e-a442cd111745,tutfatjua
3ca2effb-930f-4279-a9c4-82d0ff37a7a5,tutbeavil
94b2cfff-26c0-49ce-bbb0-ce76e2d419a0,tutmarabu
5aff3b27-8994-4758-80b6-c3fdb6de8911,tutfracar
68742d36-bc2d-4875-914b-07c01f5721e8,tutcargri
98f1107c-a613-49be-b5ee-7263d6b68e48,tutjuacar
98688b5f-89b8-46f2-b867-4cf5d60e5542,tutcatfue
62915e7c-efe5-4b83-894f-a3b48ce991af,tutyolsil
25692082-6f63-4b65-b48b-1a5f21abef3a,tutyenrob
cf686f07-eac5-422a-ad3f-bd96d842b270,tutericha
c2627aae-af07-480f-80d7-a7ca313a6732,tutwaloso
6e4e933f-d3ca-4cca-aa75-52c03627754d,tutjenmuñ
59b1934c-2438-46c1-9296-806241ea9384,tutalesan
7353bada-4a13-476f-8763-569a51dee3b9,tutedggar
90fe699e-dd56-443e-989a-888ad34c4c75,tutangcor
c8c647f7-cc34-4032-833e-81f883e9902f,tutheccac
0b5538e4-4678-42ca-b2bf-1a7321928a71,tutjisalv
c560b28e-6c80-4a9d-980c-d61a31fba1d5,tutsalcon
e4655573-fb91-4f74-aa6b-fc6938fe2a50,tutramzúñ
0266d832-5337-4f25-946e-8aa862eaf519,tutvíccab
8149b46a-e5e3-4272-b645-244d4f029b3d,tutmontzu
9e713198-3275-440c-b36e-ec8fd85eafae,tutcarlla
9de8d9ac-bf18-4a1f-ad84-d4be9c285eb2,tutdiemir
1a9aab84-60e3-40af-8b78-f326c1c94c12,tutolifue
c53d26b4-eea9-4d4b-812e-210acca5e5c1,tutmarcam
6a584759-3f97-468a-a8cd-46cc53dec9dc,tutisazap
9f489082-e56d-4df4-b382-484569e1b663,tutjosgar
d522927c-5ddf-4ca4-a817-92a48e381d1b,tutgeoang
b142b9fb-783e-48e7-bacc-35bf1aa82e04,tutarcroy
0a7d7bfe-d03c-4cb4-aa99-9ae1493ce80b,tutyunváz
ece2f363-a919-4be3-ad3e-2a276a67ec36,tutraúric
f4076c19-34d2-4608-8b4e-84a1b6c119a4,tutjorlui
d5852029-aec6-4ad7-ac05-0d46eb362862,tutjaccas
63222e22-be25-4e1c-bcb7-a7e5b5093aa9,tutánggay
e94cf7f7-c884-47ee-81cd-c850049b6d70,tutlesruí
dc2fbf41-a4ae-494f-9b22-4528e4c6756c,tutmaxde 
d7b4c8dd-6f33-4d78-99a1-07781f529708,tutmarcar
8b3f07dd-60f4-42b4-a652-128337cb4dd2,tutclacar
6c1e1b5d-03ca-474a-8c91-8f558ff69993,tutervde 
cc24a940-a43c-442e-9b1f-cdce742627cf,tutangros
d2d42a78-2163-4be3-9cb1-147d210e7c51,tutflamoy
86ae5557-174f-43ef-b2ce-75f548329e61,tutxavvel
0b4da7f3-6fe7-49cd-98c6-f4a541a9d0fa,tutamacab
784bfa8e-53a1-4dee-ab6f-8bb8fcce6ef0,tutpertru
3e968ca1-cf7d-4fcd-a203-693d8dbfbfac,tutcarcas
3c1c0f4e-45e4-441d-8496-b6ef6277a44e,tutarazúñ
de67f903-8530-4c10-af51-cafd5676f534,tutramcav
4148c10c-36af-4106-88f7-c62c95941dd1,tutjudzap
e21e28c3-3d28-4a78-9d21-f4b17a75324d,tutnatrol
ddb2359d-2c94-4651-b3a8-952f56ec2e2a,tutvícbar
ca038256-5d63-4442-aa24-2b8f05960197,tutgerla 
bd3540e9-622b-4763-9cc4-755b4e05567d,tuteloama
a82ca55d-b0f3-4c46-9e53-5dd89bcd21b1,tutmarsal
c1bfb8ca-dc55-46b6-a737-811190ef380c,tuthorlla
129f688a-a1d0-499f-8b7d-16e11772ef8c,tutpergar
06c714c0-d391-4ca9-a8e2-e3a613680b36,tutmarmar
96603782-07f5-45ed-9788-d4c05a9ecffc,tutjoamas
ee24ca2c-4cc2-43f5-98b1-6d22105d681a,tutólidue
182d9205-6c9f-498d-bead-0f67b2d49ce4,tutaldmir
092f5110-64f0-4372-a143-df449b238940,tutmagpar
435ec535-1b41-4537-ab8a-d5b793789099,tutmarjos
e3d4418f-6da9-49d3-b0f5-3ae7c8acd659,tutsergal
247c6e87-48cb-41a1-b8a2-2257db541cca,tutmigbur
979f980f-596b-43fe-ad3e-6641c740ee84,tutnantor
e7ae85b3-8557-4e15-b06d-f1d212edb383,tutroghol
66fd5a87-d8d4-43c6-a894-f24c6e71a9ef,tutmarren
f6d38d3b-7998-47f7-b8d3-d6f0655b9e79,tutelfmor
9c453ccb-75d3-404a-be2f-25f4ba1dfe85,tutgabgam
d98baf47-75c1-4fe1-9975-9019167805d8,tutadároj
33955eac-daf3-41f5-a4ae-7938d6a2bae7,tutkeivil
d5e26499-5882-46a2-ba9c-9fa13dcc23ff,tutvanarg
df2be9c7-de7b-42f7-b250-4bb850dea1e8,tutelotor
f36c8a34-fb4b-49e7-b9cb-3c2bd7b39cbe,tutastgál
2f3055c0-1164-4e11-8f6e-e6ee3158e358,tutestgue
0736f0dc-5bcc-4f74-a916-0e1936140f49,tutólizav
30d78518-e19d-4c44-94e5-5519ed5d926a,tutsalcas
344700b0-936e-4eaf-9542-4c2f5abb6dca,tutmigbal
bf982add-dfe7-4591-9b70-ca4ca0f4d5b8,tutestram
4ab7009f-ebf5-42d7-bd2e-d4aaed1c89e3,tutmónde 
089ae0cc-a747-409b-bdbb-b5e5b40d35cb,tutraúhen
ec4ba429-3a36-425b-86c6-1217406b59dc,tutmigbar
2eff6c13-f439-4e78-bfa3-30b8f8218b9d,tutmitgal
18468777-77f0-41c7-ba6a-5b3300d57c83,tutcyngua
0c24851e-7172-4aaa-ab7a-1854f97f4dda,tutrodrod
667af602-2479-41c6-99c1-f59dc610f467,tutanamar
5cf009bd-4915-408b-9c90-0fbd040b2b44,tutofeech
86af8fd4-f414-44f1-b910-be3b5690a78d,tutgaeros
eb8cb868-00ed-4e0a-b851-5ed56fbd7878,tutsarsai
46fe4c34-3062-44ad-a824-80a4dbe65f61,tutamaoli
2f20c38c-1b01-4768-b8ee-4724c6b1360f,tutjosgod
e2b75202-04ee-4950-9cd6-7665abca9782,tutjoacar
cf2170ac-f222-41e9-8d8d-2bf6b5f5409a,tutjoniba
cb0b8a68-777d-4502-a8de-5ad59afb33d9,tutluioli
d7d9f01e-4199-4ea3-91ef-63d74d8062dc,tuteduagu
688fd9ee-b398-4bc1-a6f5-4662e249000b,tutrobgóm
50e302ac-b8ed-4e4a-a5a2-f814c3d8a87a,tutsanpin
de36d588-7e5a-4803-bd1d-cd6ebd480ca6,tutsanpul
6407294f-fcf6-4e90-a384-e49ee3020402,tutluimig
7722e9c9-7f85-4797-a7cf-8c0102714952,tutnazsai
f14bd788-bdc6-4f8a-94df-04954bee1dfa,tuthéclun
b65619f7-b6ba-49e6-8b5e-25770854a557,tutleomae
edbf2168-37ca-4db6-9ef2-ac4db456a502,tutpaocar
3848db43-b3fa-48f7-b96e-d2d6c2287627,tutmarort
e3cf5dd1-1f7c-422d-a5c5-9455379c336b,tutestcon
915fa243-bf0f-4f9e-b867-0eeef75b34ab,tutjonlue
a48cbb4f-8f58-472e-a7f2-8aa4824ddd81,tutpaslir
3f51f46d-4dd5-4bc1-b9c3-ef0e4b1f8f3c,tutpedros
14240fd2-6862-4cae-a40a-5f93500aa1c0,tutjoscam
e370e62b-de69-4d3a-a867-9ee817b9800b,tutjosedu
62391350-9d00-4d93-93bb-8781b83c65f9,tutlucnav
65323220-deb6-4686-93ff-e76739e3d2b9,tutgrimot
a263a882-77a0-4bc0-9290-1c28919170d5,tutjesnor
0cfa755d-8181-4f76-bf70-5c03f75fae62,tutjaigri
effc735f-44ea-4faa-8ef2-a3bbff3a929a,tutaltgra
1b099fd6-af67-4d8e-bc39-d0216a8cbbb5,tutjavurb
3c821735-3395-420e-9325-19fc65b3de8b,tutjerros
db0fc55f-7be2-48d8-b6a6-d1ee9a5d2442,tutcarure
914b542e-60fe-4aef-b10e-b1054e5714f4,tutbertor
f746bc58-d37c-4d26-a0d0-41797ab1608e,tutnadcar
307842b4-8727-42fe-94a6-6fbb4a4ecd1f,tutpaosam
b30b309f-7d34-489d-84a7-e46ef30291c5,tutviogal
ac83da30-18b9-4556-824e-1894f0bcdd11,tutbennar
574b1f53-69fd-4634-8604-f9ec24563486,tutantgam
f4d3e500-9f55-43c6-bcbe-02439730ae69,tutraúmer
4b6aaff4-5b76-4192-8010-2b0ced086b08,tutsambal
78da5856-9839-44e2-a695-516e88b0458a,tutjosedu
de043abb-41a8-4287-9060-452dad207f76,tutsernie
36ad3af2-4869-4953-8b9f-ef16f1351ea2,tutyunzap
15dd1721-5839-47f6-8070-bc7fc379287b,tutcarcar
be0c2e42-594a-48ac-ab6e-27001162375d,tutfermes
d171d77c-5e94-4946-8e00-4e5523f5d9c9,tutelivás
f06d3b61-d70c-4586-b739-01f76cdce6ee,tutjullon
d0ec4e55-7ce0-46aa-8ab1-d593c455fc42,tutaldpat
7e37cc6c-03d8-4927-a9c0-dc1333a28741,tutlucang
4de4a005-45ec-4435-bc71-e32a74770e96,tutjaiver
cf5e1857-085e-4879-b96a-a19a9b339c98,tutfedsai
c4645b0e-10c0-44e1-a9b7-996674cb1c9a,tutyunarc
adb5dfae-6095-4fbd-890c-fe5b60e199b3,tuthelmir
f2349be2-4f0a-4a03-bcd1-c33c2d78eae7,tutflavél
bb048cb8-55d4-41ad-a33d-e02cd9dc782d,tutjudpue
01533751-f943-4787-9565-183f45799ae7,tutserher
9687c289-e249-467c-95c9-bc06bd07bd52,tutarmure
3161d5ba-45b2-401b-a4c6-0e1fcfebf097,tutmanhol
80992075-8fae-4575-acfe-fe64a78c14e9,tutaldmae
dc2d369d-0b5d-4107-a97c-01e010e41093,tutalflem
9774ae79-3934-401e-b327-575380bfdc59,tutrammay
77a838ff-3572-47f9-b78d-28d2df59df17,tutguirío
5eb17174-9fa0-4e43-8d52-29801a98b7b2,tutanalui
50311fbf-5949-4d72-b8d6-f3c756db23be,tutrafcar
0b5f8a4c-9782-4a3f-9382-f943e3b6242a,tutperjai
53f57e9c-a981-42a1-9719-826d53653e6d,tutmarant
0198e818-beb2-416b-84b3-52bc301a3c92,tutjuapiz
fe4d0e26-fbe8-4b2c-93de-bb8cae4be76e,tutfrataf
8a31b0a9-544d-41d2-a13b-98d3748527f2,tutpabcab
7fb60e35-4751-4b4a-8aac-0a7149cd0d4e,tutjulped
e577f66a-765e-4d1f-ac57-ee6f0f8e40b6,tutferlun
15a5f437-da62-496b-a9af-a38f38b4d64d,tutmigzar
152d9342-ca94-4e87-96df-b48f2be200bc,tutmaggue
e3b0a584-4281-48b5-ba52-16aa0b2f549b,tutdaljuá
bd7c103f-5d45-4b3c-83e0-89334b8f9b6b,tutcarfon
1f7dd132-6669-4fbc-af92-a9c3bf3db674,tutvalaco
68e07677-a9db-47b1-8ebc-db8d726828e1,tutgoncas
416f2228-ac97-4026-ad03-465e0c5b044f,tutxavarc
4b6f54a9-5797-4b07-8b4a-7913c961c08e,tutmarjos
c432dc60-3dd6-4c79-83cd-5ae1f05d0648,tutamecam
7c2b96f6-6907-4812-8be7-90c0c3061e8a,tutmarmur
8974a0b2-e442-4963-a493-63e6ecdbb345,tutpaufaj
13f4fd9c-acd2-4d46-9ed8-479005d0ce70,tutpaopáe
49c26dea-34e7-4e30-85a2-dd44c1f199c0,tutliltaf
b3a54dcd-05d1-437e-9a77-275de4807231,tutjulore
4f3711d0-0a67-4ee5-9611-58fb4b6e49b3,tutvícjim
76a67962-e368-4fa6-9ad8-d4b0e076fe6e,tutdarcab
a2cf53e7-8fe5-46ea-b081-7b381174bd9c,tutpilzar
52aebcbb-3323-4d7a-8138-50799a2b5817,tutjulmar
20432ae6-3a7d-4a35-b287-e5c6f4356e2a,tutdulmar
e80eb8d2-3d52-4881-b6cc-559770e0e967,tutandguz
601531ce-0ee1-4859-8d8a-788ee21953e7,tutjosemi
f4481462-9415-4d2b-b1e9-7a4a8330560c,tutcamla 
de96e695-1c67-42cc-a19c-9b93afa26fc1,tutcésnie
5021fb56-ddfb-4fcd-8f63-49ac267a8fbe,tutvaloca
bd6e51d5-121c-47c5-abf0-a6ad5e5697b4,tutreicol
ba00cbfb-e11b-44b8-be37-59f6348a9779,tutivooli
e0c87f9b-fad8-40df-98f4-a50cc3da016a,tutvanmer
e4480b99-1635-4e24-a72a-17df2d4391f8,tutmarbla
15fe84d6-6116-4b55-9a7f-23af5c302f68,tutpature
b47a1647-e4ff-4eac-8827-13eb7a1904a6,tutninmar
f0f538f8-c7e0-4be4-90b1-fddc20ca414e,tutdafgud
b5fb83cc-f201-4748-8ce0-5f4ff5ccb9aa,tutfloped
edbe174c-dcca-45bb-9b11-550466ea123d,tutjudram
5a995c5c-1fcc-4e0f-add7-1b1f224f4416,tutoctpiz
a087fb6d-2a23-4201-a9d1-5e4810e68986,tutmintaf
6f0b3255-5302-4f20-8012-5219c665c13d,tutolivil
11e5cb3e-ada3-46e7-8b5d-88c9a11b467c,tutyoloro
11a42668-9ab4-45ea-83b9-0957464def8f,tutvirnav
9cb3f78e-a4ba-4441-aad6-d1850e453367,tutcecval
73e71932-7083-49af-b31e-74403be6bef9,tutespcej
1deb73b2-4942-4573-81e0-d5f23c10d8dc,tutdulnar
8f398848-3b0e-4c34-91e5-556a7557db06,tutelvjim
1d3e6f86-678f-4d78-a8a2-fa0bfade927a,tutcamolm
01bdfc50-2f36-4c69-8872-001b0ab384b6,tuterncab
32014570-1a97-4ab1-becc-d8ada7c20ae6,tutloraco
65dd5272-94c7-4644-81bb-5d8c1f766bc7,tutanagal
86a18eed-3764-4211-882b-a62e88789c35,tutabresp
a7dc0c9d-d234-4d47-90ed-315299b5598d,tutjosval
fc3b5d0a-df2b-4e78-8945-6fa54f8a0a04,tutmauang
8af02c46-faa0-46cd-af2e-300c1b053c21,tutjosmar
dd8f8e1c-9c86-4ad2-97cd-be50f04785b8,tutrobcab
9d6f4302-a3e4-417e-b67a-2280ad11e85b,tutabrcol
29782741-3676-46c1-84a8-5f3c883d5d14,tutnadvél
23df457c-840d-4567-83e0-e2e3c549d3df,tutwenmer
51027886-7555-46a2-abf3-d286ed9deaa8,tutpampar
e8fb1b19-bde1-4e43-9081-8b864e63d528,tutcarnar
568659ab-6250-4b52-9d0e-1ca419928ba4,tutxavgam
51ec7258-0c23-45c5-b3ca-7fa8495fbfab,tutsanvil
7afada24-0ab5-4421-adfe-3a9f6f6658c6,tutraqigl
89528fde-a72c-461e-9fa5-d84ecb626dd6,tutzoénie
d6a45ceb-02b4-403f-90d4-fe0af62d2dbf,tutsesnaz
471cea72-7156-4c8b-acb5-27685ea8aa2c,tutcynzúñ
21b288be-8598-42b2-b4cb-9d3f5c97d0b3,tutvíccep
b7b3caab-d97d-4bb3-9db9-13cfd508c98e,tutisrpal
e17c43f5-8f7f-4ffe-849b-272c219ef9a7,tutdargal
bfe7af41-1831-4808-8533-db9cec453a4b,tutrogtor
7b5e3073-5e4a-4c61-8eb5-fc41f256e85a,tutmargal
8be6dfd6-c7f6-432d-8192-ef3d4f1fcd19,tutalmigl
2609ef42-d701-40ed-af20-6e5353e24d1f,tutedumae
8ec47c73-c24b-4523-a496-efa960a37999,tutalvlue
ca38a7bb-d462-450c-abe0-9cedc02c39fd,tutmarpar
67f07a8e-e3df-40d5-b428-0d1f177523a7,tutjosmar
eddb0922-0d67-4d2f-a8bc-be9f19bdfab2,tutoswsot
db4f477c-b66e-427f-b3b2-07129c5f1f83,tutpamsal
e4732798-73c8-4429-8506-216ee9faa6cf,tutalicar
825fde60-f519-4873-abf1-2ae5ef804271,tuturiaya
f31914c2-a83d-4d05-a6e6-2c02b8455ad0,tutconmot
3f4a4e64-64ab-4edf-aaac-7a1d79704508,tutgonced
f2c73288-9935-4878-a5f1-18e430498cb2,tutjuacar
cad92439-464b-441a-95f7-d06035361282,tutconvil
8f416a55-d2c9-43b0-9bfb-e4936e741bd4,tutabrcar
7bbc06b7-6ea7-4a48-af8f-fd3fecd5fcb9,tutgeobra
96a87ec0-36e2-4dc5-a405-312f6f50680f,tutwenrío
432c98c7-9d5b-4dce-bebc-0b50a6961733,tutclaama
ba5453a2-bfd3-4b18-a6b9-66f3d90aeba4,tutestbah
16f42d21-d48d-4f31-8604-5903f31e109b,tutgabvil
7af60fb3-eddd-4bd6-b231-023dca03f56f,tutcarcam
fb1516ee-1e72-4de8-a495-48875348ab04,tutangqui
69c63682-d570-462d-8b1b-aa0bc0bce7bf,tutbramej
824f07d5-86fb-41ba-8244-329169755be5,tutsocurí
2dce2020-a671-4e4e-afc9-6d90fe933e1b,tutcattap
1edc9e28-b391-4a5c-9ed5-2545dea32384,tutclaesc
8f90ea9a-276a-4e0c-8922-8b8cae0656a8,tutmónolv
64bde79f-75a1-46df-8832-3a9c21fedd07,tutrafcha
13d1aa1a-94c2-4aff-be87-fba2279e419d,tutjuamat
116617af-fd73-469c-9f0f-6f9f186d3b85,tutzefcan
b812e1b8-f791-4680-876c-118f3779278d,tutgrilom
4d621e23-67a1-4bc7-a68b-c3f9ce715fff,tutglonar
baa8960f-ef20-4ed1-b363-fcdc85ab1858,tutgerram
f3b811e0-4c47-4c6d-ae80-1b093f45e2c5,tutalocab
02040d1a-e55c-488d-a11e-9531a574e7e5,tutjulped
099b60b0-a8b7-4d5e-8432-051d8d17dd1d,tutsilcab
2f70e53e-e0cc-49fd-b9ae-064334b148aa,tutarmarc
9008666b-6523-4259-a00f-4b37760fa9d0,tutaramir
48688f2d-a20a-43fa-bcc4-b6ccddfd85c6,tutiredía
e930ab47-e1a0-4133-b4dd-f9879e6c50dd,tutjuatap
10175def-5eb5-433b-a98d-a7d146c905fc,tutfelcar
6d96ed77-13bb-4ecf-816a-cd4df0cf79a5,tuttimvél
7ac65265-b194-4b18-94c7-22944998d251,tutrosmae
5817eefb-609f-449f-bfb7-772efc6637aa,tutalvhen
908ec94f-647c-4e30-8b3c-f7830ad440ac,tutgerher
a8a9b06e-d69e-4409-b171-da21919c6353,tutjacaya
93758860-d090-4edd-9b6f-babe821405a5,tutbenmoy
d61c66de-a721-4577-8960-1aac145cb395,tutherped
fb485860-abf7-4f86-9442-e8994aa0ff5d,tutkenrod
a345d5ff-6a95-4454-883e-83248abfafe8,tutaldtél
4e10bc89-c9ec-4217-a867-f2b8bf8412e4,tutmigáng
f4f8cfe4-c621-4bd0-88d5-5dad45e31f40,tutomalun
3b4ebc2c-aacf-41fc-85cf-22310fdd15fa,tutalmher
139b3730-ff34-481f-ba69-f9a6dc2d51b2,tutrodhol
de12c540-3c43-4c6f-acb1-602712a8c376,tutedudom
26fd8526-c423-49a4-b41a-98b52ac00c55,tutgracan
7d70d26f-5189-4110-9bcc-571ff75ad8b7,tutbarmer
c1f3d336-1406-4f16-832e-51bc77ec3e65,tutesttej
63087b9f-3770-4d08-87e8-14e1d144b730,tutmarjos
39424971-0277-4347-aa7b-6151fb35f0cd,tutrodzar
0777cd56-e22c-4f04-ac6d-80c5bd93242a,tutclaher
27cb665d-782a-42d6-9318-814e4401f22b,tutalfcej
6d5b5213-0f32-40a4-8712-1551f0a37324,tutroglom
ac105249-2c18-4dea-9a71-cdcdaf57745e,tutevecas
16681603-be2b-4cd2-aca1-1e7c93a0dc48,tutteosol
12afc292-3968-443f-a913-0c84881728a0,tuteugurb
9ffdabb0-d028-41f7-8d3c-e2f54f6eab59,tutevecav
1c70f86c-1974-4787-bd58-b59453d694f9,tutrosoca
0dcda99a-4304-4610-a797-83b98d82f8ed,tutnatram
03e2a9dd-3935-430b-bc64-db1fa4cf0544,tutvalbus
ace95425-a199-4c5e-b3ef-2a5cc2f9b134,tutdébcar
acaf6608-e0f4-448c-b73f-5a0f3d284b1e,tutcarsal
944d4b4f-18b7-4bdb-9b78-b1363d15fd3a,tutlausal
a83ea11f-cd61-48f6-8c3a-9015595b8049,tutgaeros
43d83e56-3dc9-41fc-ad5b-24cd62322c14,tutflocep
5c528b61-298e-446d-8c5f-0f58c47cb901,tutzacolm
6c8aa3cc-88d8-4d90-8c1f-22381bd053be,tutjuacab
2d40efcc-3174-406f-ab2b-aaf98af3c37a,tutflapar
bd50e37e-67df-4803-a803-e672c5ba3046,tutmaumas
d4a33b1e-b470-43cc-ac57-e72c9de56de3,tutirmsal
1f5a417c-a3d6-433b-9ffe-2e57b729ea96,tutirecep
388c50db-57c7-4540-8c2d-cfcef050c26a,tutwaloro
65032590-fc0d-4ed7-83ba-b0314c9e3859,tutjosmar
bcd017e8-524b-43fa-a76f-46a94facc24c,tutalbgar
f060c9d6-44f3-4f6c-95e1-cf972bef5067,tutseraco
01ff44e3-3bde-4458-a9ce-fecfc930b997,tutcésagu
af892154-e309-4db5-9531-50d1898f4189,tutpedgal
4083dc5d-2b91-4bc8-80bb-b103e533a94c,tutjoscar
b8c498f4-01fb-4087-8229-a526526fd99d,tutrebcol
07c1f5f2-76f1-410c-a2a3-f09ce205c3c7,tutgermar
a75d96d1-166c-4c34-b7b2-f90ec1c05641,tutgusric
5f9ff031-5c3d-4cfc-b860-cf0bc1a7f761,tutfragra
be048017-ec85-42d7-8040-cfa054361f1a,tutjosmar
2f90a591-cf14-4a7b-913c-2aa7623db4f3,tutrogcab
e7e0bc28-aed1-4e37-b894-c3380441db9d,tutelsgar
8620b8c6-43d7-45e2-93ec-70251ed31106,tutignvil
1e913953-65f0-48ea-b39b-94c0c34cfd89,tutjaqchi
c80ec5b9-4671-4a42-9f40-72c06398bb88,tutconalm
542aa5d7-24e4-44e0-aa74-2c3271284fb5,tutlaucav
d069ae5b-02df-41f3-9149-0af31dccd4da,tutherval
736daf52-3397-4c63-862d-761a7bd22699,tutteoort
799389a6-dc90-4afc-a856-8d0f69d7b514,tutvictél
3b66d3a9-c0a5-49fd-a184-9fc4d03ad951,tutestpor
daa4a1b5-d522-4106-81c0-260cdbe95a5e,tutbeariv
d6ba0459-554c-46cf-9637-b39bebb4cdd7,tuteughol
196cb3d3-ba6e-4ea4-a30d-bd6a92b9a94d,tutrenhar
7d50bcde-a343-4f90-bf42-745570df34b1,tutjerarc
d117cc36-d775-4af7-a3f4-93a8088f8c51,tutestpin
94aba048-8dbd-49e7-92df-9680b2b63543,tutluzvel
faded723-1e36-432d-8b49-f8fc27742f1f,tutmararm
0233a3db-001e-4eaf-93b4-2b4594d46b00,tutjonlon
49925f7d-5e7d-4b8f-90fa-efd6b566f78b,tutviotej
55c2f421-1687-45b3-a89e-6dd7e4580e6f,tutluicar
56c5263b-f3b0-46c7-a134-923324fb5a18,tutjaiesc
5842a94d-a6d6-4394-8808-7e5034eb5b78,tutesprío
4d13a954-cc66-4c4b-b75d-8ef427edd05c,tutferzap
83e5782b-ac9b-478f-aa15-2e2da93606ad,tutbarari
f1e3d0bf-5301-48a4-ac4e-54e1c8c101c7,tutmartej
f93b1cd3-5bda-4160-86fd-dfbfe039c40b,tutadádue
a8480a13-3350-4b0d-be65-1ad5e7c3f5cb,tutalvord
53c183a4-f70c-404a-8052-fdc80f7ac0d3,tutmaghol
92862b64-533f-4d64-8fe9-c2e643bf9ad3,tutlilcar
4ad2b617-dd58-4fec-8d87-706d65701011,tutjuaman
daba3292-7371-40a2-9d0a-0108cbb1654e,tutaidram
7a378b4f-5be3-47ba-a5c8-ef2365c361b1,tutmaxgra
436f1c3e-94ae-4cc2-af57-b2c31e390dcf,tutúrsmer
8874092c-f662-400c-95d5-cbf8832f4980,tutmaxurb
74e839a7-b9f1-44a1-be1c-81bd106d3058,tutoswjim
dd158a5b-9293-4c93-950b-5ac477697e31,tutoliesp
72d41531-7e70-4785-b046-341332efd5e4,tutjospul
1532f51a-8102-4532-ba40-331660251a43,tutmareug
9027cdc8-0294-4dc1-bcb3-0bff4123f0c7,tutjosla 
488eaacf-c480-446a-bee8-0eb2a29326cd,tutrobzam
e65d72a6-9ede-4617-8c61-353102f58b1e,tutdulmar
49f7f993-383a-40ae-b0c6-b59f0eb55661,tutdavroc
f3c1dd3a-accd-40c0-b984-9c8b68ea00dc,tutmarped
3879d3ce-5d22-4758-9de8-5ae47e44a5b6,tutcyngam
5e86dc62-7bb0-468c-9489-412b095df776,tutlilric
1cb4a33b-20fd-455c-b72c-3c6f82eea804,tutaltgra
3087874b-44d2-41c3-ba0a-070c28dc6cea,tutgaealm
2f72a7c7-940f-4537-aee9-93e9e10daeba,tutsamsal
2259780f-6a5d-4b38-ba63-8c5681899a62,tutgriull
011562c8-f639-40d3-90fa-73b371f1d326,tutcarcar
8f88b561-0a14-4c7b-b2fa-13eaca4cf829,tutnatbra
400e9fc9-1beb-4b17-af2a-1f787d619e94,tutflopri
d4a71a8a-d0c9-4a05-84c2-d9db7dfc771a,tutcammur
526b9fe7-31df-4931-bdfc-113db411e403,tutanamar
457e2ca2-69db-4117-9d05-2ace925896fb,tuthomcab
c828cd57-f596-4350-92b9-6dcafe001d28,tutelotej
5c34dbb0-42f5-4559-8464-fe735c73d44e,tutcamcar
f36edf96-cc3c-4da7-9a5f-566cbbd3cbf0,tutgergal
04adde92-7c6f-4008-a0b1-4f3c1c37303b,tutnangra
dd808907-7292-478c-947b-49612eeeff54,tutdulale
7f7eeb70-0f9c-49d0-b3e2-64c7812099ec,tuthugort
4065f067-c83f-49bc-a324-4d93ac65201e,tutlinmor
eef3b3e0-d6df-4adc-89e2-cfb655ff2315,tutpabcoy
37f7a835-bf25-431a-b1fc-11c6a87b1571,tutpabriv
b0c1f3f7-69b9-49d3-8a32-3ea9910b7f01,tutmercan
4d20d594-633f-4221-9c46-71ccf16863f6,tutnelgri
79321e36-e3d0-4fac-adcb-50dc486698d8,tutelimel
4655d958-7071-4fb1-bdab-a9561b831b20,tutxavgal
b6ed8316-146e-46f3-b16f-46ab18811741,tutpasgut
aebb3aef-294f-46de-bd95-6900be0db55b,tutjosmar
3c402968-343b-4977-bd0b-3600859463d8,tutrodalc
ea038c39-af91-49b5-86af-5becfe730d7f,tutarther
ef36da15-6147-460e-8f57-d74b6bb0f6b4,tutfladue
47f3cad0-eaff-409c-984a-861e1030add7,tutowasia
78ad65a3-f789-4a57-99ef-33dd137eeead,tutgrifaj
bac53809-6f4f-4afb-8bf7-434c4785be42,tutjonvil
67a7613f-9db1-4c9f-a97a-761b6ca229a4,tutclepue
1b51a108-e7ed-4424-9b3e-632e98d9d1fe,tutcarros
72db271e-5ce6-411b-90b6-257bdd808e73,tutesther
d0fc7d83-8ca4-4536-9dad-a1c3604051b0,tutiváesq
84e9560a-4752-4e4d-b77d-927a63ccb8ea,tutaldvél
25de65cf-1e2c-41f6-b84b-79312dc0c0ef,tutamacam
3c48173d-42db-4764-bd21-a2e0a3866e8a,tutletde 
cfbbfc92-ecb9-453b-8c05-3171d2e17646,tutabrolv
e36e28d0-368b-4f85-abd8-b3024d79ff28,tutmarcor
c75c4e42-7e79-49d0-936a-0383d65cf850,tutdalguz
3170a3de-5adc-4abd-8e33-4859ce5cf7c1,tutjacguz
2a7d2d04-47b8-43b0-b13e-6c86ef901c3d,tutalvzar
b67d499f-5635-4a3e-891b-68700327a470,tutlorval
2fd1bb7b-a50c-4d8b-9bd7-e1fe75345e73,tutramváz
4c70216a-e442-4089-9eb5-78529981bf44,tutjaila 
ef3ba81f-d9f9-4918-9840-cf96141b040c,tutfritor
29caefb4-f818-4105-b880-86da406757c1,tutmarter
8e1de069-2ee1-4bac-950c-21e76c29659b,tutlauiba
b135c360-9a0a-4a02-b71f-15497607c8b2,tutcarale
5923975b-9751-4bc0-81f1-8267e5225a5b,tutdulmar
2c97db98-c48f-4015-88c0-9b7617cbe2db,tutcynbar
d97e6a75-669c-4c79-9b62-8e5506827f20,tutmarele
6d1a3052-c505-45c5-812f-4ceefe399d81,tutmareug
051cc0cc-a8f1-4d81-b5ce-a170ffac1539,tutwenlun
7013f97a-bbb6-469b-bc90-c819cae522c1,tuthomcon
35f0ae39-603e-4671-b367-f233d4959964,tutdalpar
019cef22-2ad3-409c-b468-e305ad2fc1dc,tutmarigl
e8e0ee6a-b44e-4303-a49e-a5cfb2a387cb,tutdanrob
289772c5-7b37-430c-bbee-f148a9ea36dc,tutinézap
4c40054d-7c2a-4b70-99c0-512831246ebb,tutmarsot
d5e6c5ac-b910-43f3-a076-1ed72efbb387,tutjorlui
b80f2824-2a3b-49b3-8a1d-62d60daa7083,tutwenluc
d2bd5dc5-84a9-40a3-999c-20b342595ac8,tutmodsal
34f2e157-5e03-4438-b186-32aa9ad63e12,tutvicnie
34e8b281-89dd-4e02-be16-f31332b9e93a,tutnatolm
055b2c23-2293-4537-a547-a61c3ef1c37c,tutvicoca
43550e29-c89e-4435-8dce-554a054a30e1,tutvícval
96467b11-561f-455f-8fc5-d067de03689c,tutfrajav
57c07e27-12c3-41e6-843a-0a3a3de29100,tutdanmel
8f70cf4f-9b93-4a78-ab0c-3cfe39e83f9e,tutmarcol
8dda542b-e4a7-437c-85cb-ec703d6239b9,tutcarnar
cb9fc186-f8c6-4549-a1c5-75068aa15883,tutcattél
ad8f7867-b719-4e2f-944c-9a5bbca65165,tutaraarc
4156be2b-fd17-4d60-8c31-7ec7ae11a8e9,tutjulcés
5e73d853-f050-4949-9147-6c456c2cf00e,tutgabrol
6ec48206-4154-49cb-a6ff-db0d701d05ea,tuttribra
e9214ecf-923b-4bb3-94d0-902cd5670666,tutfrajav
b1cf5e9c-2fe5-42b7-9207-d180c0d5f429,tutadárol
ad37e00c-8deb-4543-8599-1b6f7bebd868,tutisarod
fd63e659-d018-4570-889f-4d7db49c4180,tutvicval
8bf83bfc-c60c-40b2-b41a-de848931efcb,tutkarmar
5d33d8c4-d397-48f6-9ae1-f8dd46a77601,tutgerchi
34ec5f8b-3ad4-4caf-9ebd-813cd626d9a0,tutedwech
b2d9a563-d5ce-4b5f-aabf-17a3793ec6b4,tutjonest
8fc7224f-7a82-4336-8fc6-abc0e91263cf,tutkartru
0759e9b4-6374-4d34-85e8-6d4f213d965a,tutestmat
156ee948-c7ba-429e-a6a7-80971289ab35,tutabevil
bfc368fd-ff37-4a65-be8a-e96d7706a416,tutcrisal
63aac576-76e7-40c8-aadf-86851f66c633,tutemiros
3ff6aed3-6342-4962-973b-650267b638c8,tutgerbus
96e742e9-0d95-4ba2-8bb1-90c6f29c6574,tutteolim
82dd0e04-f26f-4b84-888e-8ac79283e747,tutcarcam
dfbbc03d-0988-4725-a7d3-d616453212b5,tutguibus
434dac6a-26f3-4ccc-b826-e5d9c9aa1e1d,tutorlver
dfe0e1a2-48ff-4629-9917-af634a8949be,tutnazlau
d8df8cdf-6576-468e-a7aa-d0b24c7e7053,tutindcan
7a4c3947-0af4-4acf-8f8a-7c6d8acf68e4,tutalepáe
01e8c960-038e-46e3-8d3b-6d4fb66c19f5,tutroddue
0495238d-5752-44c7-9aee-c216edbd3f62,tutmigcor
da877d46-3be1-4bb8-be55-5606968b0fa8,tutfelrio
298a4bd7-4ef9-46d0-bcbf-cb8715cb426c,tutcripul
34f733dc-feaf-41a6-b1ae-4af58365e324,tutcamren
74248c35-38aa-4bce-8411-72852af9f774,tutjoslui
8012d796-a8bc-43a2-a7a6-38aa87d845d2,tutdulhol
216e639e-f072-49a0-a8f4-ca99a3b08c02,tutconvás
4f12910b-4df6-45a8-96c3-840b4b48bc8f,tutfripri
46a89bad-1de0-4132-9a2b-1eba43b83958,tutivámoy
e721ede8-4100-4da8-b3ba-358aba99b867,tutvirare
71eafe9d-bf1e-4d40-887f-697dc22a5cf6,tutmaresc
5005f140-9d9b-481e-912a-1fe4278ad1d4,tuteducar
41e65123-d8b8-4895-910b-73c28bcf658a,tutnatgal
c256cc77-dc7e-4688-b8dc-93a8732ecf58,tutmarlui
c1057778-1f82-4d09-84af-b2efdff395ad,tutalvsan
54efc97b-7bcd-41a0-bc60-0e5fae26cefb,tutcecgam
c7ca2a54-00b1-435e-84d3-9e8b0fe5832a,tutzoévás
91187fe9-1a94-40ba-9649-1f2ab47d5d06,tutjuaped
425c1012-90cb-4c09-82be-7d259fb65f98,tutgaemar
b7e23b2d-afe4-4085-848e-a2cd27ff049f,tutvícmer
1ecf403d-7fe2-4c77-97c0-5be8dec2c79d,tutilsmen
5a6cf174-f9b6-467b-b5f3-9623510d6116,tutgerpat
1505072f-5ed3-4bcf-875f-99cc21a89ab1,tutmarlui
3ecc6b96-9c4b-40ac-93c0-21df3bef2a44,tutmarlui
dcbf4a15-ba14-4864-a005-a95de327c218,tutteoigl
a9ad655c-2f55-4bea-be2e-d36b21f741da,tutfrirob
c37b88ae-2f7a-4084-9615-f3e31a21bfa1,tutmerlon
6c996443-0045-4692-a613-b15d9bc3ba7f,tutnoesan
c88c6a23-1834-463c-af61-3239b1db67ae,tutestmes
0b8e7310-bfb3-4c3e-b97c-629ca3fdc69e,tutramgue
fbe0e531-b95a-43e1-a67b-27082cce1e73,tutdialla
e95813a0-c514-44d7-9fc8-561ae6e51b69,tutespbar
28a34b15-fdd9-41f4-a4d8-ff14e5c6564f,tutivácol
70e918c0-445c-4913-b31a-394aaadf4285,tutjoshol
2bcb45a5-fab0-4802-b463-2635dbac29a4,tutabefig
49553b2d-34db-4825-bc23-1032b9b74965,tutfátlóp
c967b50a-ee37-4e4b-8f77-bda3829d0745,tutvinsan
41456aea-3427-4f61-800c-2472c76a1a4a,tuttomcab
d0149c28-4542-47b7-8961-2485cc8ad4cc,tutleosam
807c23d3-a2c2-43e8-ad8d-dfc4eaa7dae5,tutramfer
a2d02e60-ead3-4fc4-acdf-f1b6f095b8db,tutdulmar
181a6ca3-0d1c-48ad-a403-3d527fcdecc6,tutoswfig
f5a8c57c-5b22-4b16-a9b6-3f74961acfec,tutkarher
798b88a1-051c-4f96-a713-3552e4e4de02,tutpabbáe
42ed4d0b-b324-4913-a01d-629fdf163b1b,tutamasai
29f1b742-8806-40b8-8a27-518026ff9022,tuthercal
2d0ca944-c953-47c6-83df-14df32df8a25,tutramhen
33503dc8-c717-4ffd-92e6-99cbe859656e,tutyolcon
15dd911e-5795-49e1-8ad8-88a06d00fddf,tutadrcan
1f7219b2-d044-4749-98d3-5e818d6953ca,tutfiddía
ff82358a-8ea9-484a-aaf3-eb2197e4fadc,tutmónher
2ce43836-be13-461e-855c-d4835fc6c969,tuturisan
1c36c735-4a6d-4197-8b75-35ff3ac2f973,tutluizal
91183960-8a36-425d-b600-893e9e0d0a96,tutyanvás
c9dcdbc7-df10-4e57-b790-8ccfa8c66f74,tutrodbáe
820c77c2-c015-48fa-8d92-e265f09dcf31,tutmanjim
13d1b9c6-a3e4-471c-9c40-5715060ed995,tutdarbus
8f6dd3b6-5edc-4d41-9edc-77fd202d12ce,tutdulbal
ac283459-db69-484d-bac1-f9954c397639,tutolgvil
940c3fc6-e589-4d22-9555-efefd88e58df,tutluimig
42db6c94-d130-45bf-a8b6-dedd0ffbffed,tutmarcar
7e8f9d7a-b412-4af0-a8be-48eb5cf16676,tutjaqmar
8ec2cb23-5668-4e08-b893-ac92c271c159,tutkarull
ab83ec9e-ca67-4bfd-a356-a52f1b313b5a,tutsoclun
712e727f-8894-4683-9e9a-2f34b49ce761,tutdavarc
d3fc92f5-bc7e-42f2-946b-339ae2f573e4,tutjulgue
94a9f797-b64b-44f6-8e8b-c90ab8ac2e50,tutdermár
c6a35930-27a9-4ef2-a874-ce101fab02ad,tuteligam
747d493f-8710-4492-9dea-53542af4df24,tutyunpiz
b1f88f94-4858-449d-901d-d2d612c0c783,tutaltgra
4ae61641-e29a-4796-b4a2-df0be79dab17,tutsofram
f47b38e2-037b-4a1e-8bae-c5511deec68f,tutclapar
2954deab-2d99-4318-8f16-ad6d6afdd501,tutclaric
5f786a9b-f65c-43d6-b01d-1da3ec926773,tutmariba
f16e886d-7282-4afd-b130-dc7da2b10231,tutwilzuñ
7a0fff8d-bcf1-407e-a475-3bce01f6d273,tutmirgue
b71fe9ea-c107-453c-8c8b-861340176de2,tutdulmar
3bb0e129-3aa4-4b19-a93e-87059b38e48f,tutclaare
d6f8d7cc-cba1-40ba-b745-14b9bdbb231e,tuttancal
d2a0e506-aa5e-4b52-b00b-d8d33f267b6b,tutcecpáe
0b064289-0ede-4e22-a61e-056b0b0a81bf,tutsonzap
d4a0c7f5-702f-4a8c-b2cc-bb09d676cd32,tutalbsai
4e03b2c7-a57a-4b0e-a3da-7ac2453dd30f,tutbiahid
b9c1aafe-5f8d-4880-bbfb-522a9c8c46ab,tutxavram
d80169a1-9efb-4520-94b3-3720c47a4892,tutvirtor
fb3cdf70-c6f3-4cb5-ae70-88b94c1eed0f,tutkevort
801f86b4-7661-43e5-bd0c-474cdce2b81d,tutyensan
b4f71895-779d-4525-ad88-72c4de8458b9,tutwenla 
77848002-c462-425b-b2d1-5ab0eb0acc38,tutserbus
72c8f23e-c5c8-438e-96d0-7e3e290d6994,tutanalui
af811bb8-f3c3-43d6-9463-37fbcabe9484,tutcarpal
bb757bc2-bd04-4cfe-aa45-3547bf0a9392,tutaguhol
2b7c428d-85df-45f4-b4e5-f589e0f5c7f5,tutreibur
79f4ef9e-f823-4564-98a2-5b2a601e1d76,tutmarech
c8a2e136-10ff-4bce-b241-d8f4c9215956,tutreitaf
385bb994-e65e-4761-9690-011481f15a05,tuthumort
4891bfb7-b6cd-45db-9a35-e6915a90b2c6,tutgenpin
775d5f93-42ec-4fd5-abd9-04f38e303e6c,tutmaxqui
9393fd34-8671-4b5c-a029-8bf6bac07f52,tutmaytor
92716110-530f-431d-98f6-cb8923464891,tutisaagu
2d998be0-0e0a-408a-9b08-e9299ee540a5,tutdangar
a5ea5ad1-f9ea-4bf5-8968-1292c344104f,tutcyncor
b6bac4cf-92f4-4c4b-8884-2b0197908fe7,tutarmpor
1bc183ff-e646-4c2c-bfa8-b4a04ad1ef8e,tutzoéguz
ddcf858c-bf52-4f51-89f8-fb8cd826d423,tuterirob
27ac4823-7bb4-48a4-b4b9-dedb2d1e7804,tutdolagu
b1b624e5-ca3a-4ac9-bcdd-dcd6476bac01,tutcargam
6467f8ed-4284-4f1b-95ad-1a7f924f2c3a,tutgabqui
f5f4b452-de9d-4816-9cdc-6b08a3e1cc60,tutaurqui
993a3b76-d75a-4b1e-a0c8-47fcff6a7027,tutmarqui
6dc67b09-fcbb-4f52-89d7-10551557b9aa,tutrogváz
f5550454-83fc-4a80-b5c4-995560c67bc9,tutmarlab
a85ad97f-010e-40fa-b0d1-4e09c52a7bd7,tutantla 
6bd01560-47e1-4ffa-824a-786c5257f3ad,tutaxeagu
adc939f6-a209-47e0-a3e6-545bf342eab2,tutguagri
08ba0750-e6bc-4f6e-a6a0-b200d87b05e1,tutespsal
279ade5b-5a69-4bf4-96ed-4c98f3075880,tutabrgar
7895b14e-853d-48ad-a61e-88c6135bb093,tutúrsaya
6b9faf01-414f-4e1a-a978-024827330105,tutelvgal
f8a8370d-e5eb-4b3b-adc9-c57e356b3c71,tutjosedu
a6a4eec4-4e35-48f8-bdbc-1cb649cc6c23,tutjosoca
28adc00d-2ecc-4243-bf33-b91b25732090,tutpamcol
cc09f67a-21b3-42b9-bd69-6b246f2371b8,tutgripiz
9e2c128c-d230-4c72-8369-3e6501123dba,tutadálab
8da262eb-bc7b-4e3c-b71a-df75feec327f,tutisanar
9068929f-bce4-428b-93f5-60a40765a925,tutsammel
9d82b4d3-8128-43a9-afa5-14c1b397f853,tutdiaced
c72c6b29-aabb-4ad0-8cc4-876dee5ba605,tutanalui
1d720a3d-2142-42aa-b64b-b71aac79e876,tuttommas
46531696-28e2-4961-9eca-26c11126cbca,tutivonie
d5a2d265-6232-4428-8004-1be2cd28eeca,tutelobal
82b62d69-f6b1-4731-9229-2f74507774e8,tutesmfon
3165eae3-f0d4-4860-b2eb-01a5d399c607,tutcarros
c6789242-e2ec-4176-aa1b-a59a61f8a81a,tutcriper
18661e55-e043-42df-a6c8-fd5e777dc116,tutgremen
cd2570c6-9dca-47dc-a6cf-e6111e8de734,tutsonalm
70013bd7-4a26-45c4-8920-745065f275df,tutsonaya
9359374e-4322-44ab-98df-308a69d134a6,tutluiman
3d1c953b-4aea-4702-93df-72aadcbe4b3e,tutmarele
bce66914-5204-4f13-8691-752b4da22786,tutdarjai
0b1bf3cb-f575-4e2a-b492-90b90c4d59d2,tutfabhol
5881b3a9-b5db-4b92-86e6-f4e068449314,tuthelqui
abf8a3a6-1eb2-4a07-8cff-93c68f5e11a2,tutmarcam
3f70b11d-5c7f-4ee9-a09b-cf2ce9a6f186,tuttrila 
abfd27fb-fd4c-49f3-a45b-6162ba3f3940,tutraúgue
1a3d4627-37fe-462c-a634-32b51c5e4a5a,tutemisol
aa8943c7-cc94-48b7-9aaf-03420bfb0205,tutdinchu
86fb8eae-6ee0-4947-af8a-2379a51911fb,tutcargua
16f3ed08-6d83-490d-80e0-844cc0ee92f7,tutgritre
5517a7e4-c2af-4c3c-8617-bbc756b099a7,tutalfozu
b82c653d-f5fc-4ea4-a55e-840cfae47961,tutanttej
c21db611-0072-4909-a213-c7ef9f0196f9,tutnangal
8a6b9a36-49c2-406d-b37d-3053647fd2db,tutjuacar
44023152-9fa8-4817-b385-91d83591d81d,tutdaldel
3ae9ef00-7861-4214-9d93-c2acfe15a1b6,tutferde 
dac8dad0-49fe-476d-9df4-123c08542b40,tutmarlui
a24534ae-c10d-4065-829e-0857f09f0b96,tutpercep
594c5349-c7da-411e-96d6-4a83661fc0fd,tutflohen
9a87d4b6-6e70-4e40-b8c4-3ee8d0376017,tuttimcha
1fe75cd9-0193-4b93-af6f-41bea194cb15,tuttimcor
5e08eba4-0fbd-444f-bc3f-871029f7bb9a,tutmarele
3ebf9b36-98bc-4126-9712-2a6511c5c03d,tutfeldía
c30c82a6-bdf4-4bb8-b6fd-80af341a0f1f,tutjaczúñ
cb219a65-3eb9-4a4a-b038-545d6c47e148,tutdalalv
80a3ef5d-cec9-48b0-b454-45ae9bb29b10,tutalbare
c95e919f-cf29-4a1f-90e9-2373ca9d4c20,tutsesrod
16d08222-d74d-4e10-a8ca-dac71fd8318c,tutyunigl
4824dd59-9746-4ba6-ae4f-23976051c62c,tutrichar
4453de19-ab7c-4e26-bdf2-4b9ca12d4eda,tutilsmot
a97b5b4d-44b2-4fb1-8c45-e9da57a5a806,tutgeresp
5fd9ab07-e587-4a3e-b535-8ec315f6b52f,tutnatfon
a4906b50-c87b-4ad1-a143-d03bec6290dd,tutalvley
3c3bada5-8113-4d8e-9ae4-cf4c7a90033c,tutamecar
c2f4408e-169b-406a-a719-b7ef15b84a95,tutjosman
ea9253c3-88f1-4b00-a62a-c309c594c0c5,tutaragal
93f25645-4823-4677-bb33-b08d44d89631,tutpasroq
a76223db-6e3f-41d4-b80d-923504061b4a,tutreypat
c40df380-6c00-4017-b9f6-5b61be57198c,tutrebbar
5383979e-735d-4e9d-9c65-e7e6ceb58f48,tutfrajav
bbb06da8-fb24-4aff-b765-4f0911f35101,tutantcon
caa86b9d-485f-44d8-880e-5dd84f68620a,tutguipri
7e297910-c7a8-4ddf-b4c6-05ab86327b84,tutjaccal
49b6440a-6de8-47a1-8707-82b4d2592ac7,tutósctor
32b7f0a8-1070-4a08-adb0-e93ffc3c78ab,tutroshol
9d16af82-655a-4e70-8d85-258ecc1fb282,tutcarvil
75595ca0-3b24-4311-8e21-045941f92d25,tutwencam
a4026d81-5705-433f-b500-e9c38727c257,tutnaycor
5008bea5-173b-47e6-bcf1-26dd9d10313e,tutguioli
ba23e1fc-28c3-45b4-9723-28e92f5cb95a,tutluimig
216f4f32-0fa0-455f-9261-9248f7ee751d,tutanaver
fdb105eb-ca0c-4f95-9d6c-5784fd36702c,tutramgay
9c6bd4ed-2a28-4fb5-8552-6a08dd901349,tutirmalc
70d8bf0b-2f7a-47d9-9f66-a11b613f6da3,tutfermir
4342c8c5-c56f-4c9a-b4a3-f67cb204d88d,tutyolnav
6209fadb-6b05-4415-b76d-e27a7825836d,tutkarpin
27f1529f-fd4d-49e8-93aa-c8e733b0f748,tutnornar
53168a87-33b6-4f22-8bca-b36c1d0651d0,tutángmes
3f1066b4-ab43-4ae1-8efb-da68acfc49d8,tutespbal
d964efee-09fc-47bb-bfb1-70938abca1bc,tutsanros
02458551-0b44-4a3a-925e-2acd28713205,tutalezam
9ca4b988-ce6c-4106-9012-a6b7c1d46852,tutarmpul
f859e922-f858-4b09-8815-aa24191bf5eb,tutrocgon
a0952d8d-ece8-45ac-b34e-8773437e160f,tutgilsot
905b28df-84d7-4864-a2f8-edc72125d802,tutfrajav
68db364d-8888-4a8e-a5ed-09cb5b931e4b,tutmarcol
8bfa8790-7517-4780-9f6c-98fa5ae160f6,tutmaxmat
c3a6f110-4731-4d2b-a3da-1290504657b9,tutlilsal
46c120f6-e2c4-4ee0-8848-731c78e027e7,tutrodcar
52188260-5aa6-43a0-843d-b2bd391c0fdf,tutmarlui
88c9d7f8-839f-4530-826e-e883368af63f,tutroglla
4734d859-3a94-49ec-b362-f872e641604f,tutmaxgal
4fd175f6-ba21-4239-a43f-7d462247d185,tutcatbal
003f5b80-cce5-4423-8da5-363299f9067c,tutcarzap
114acf9f-1e4e-4685-9a47-1a019743817a,tutnoemae
af709cca-2570-4e7b-b432-a60eff458c22,tutrobmon
05a6eaec-006b-4896-92d1-ef42e6bb9926,tutcarpáe
a026dab2-3e49-40e9-8656-89a6ffef1a14,tutvalalm
7baa223a-8426-4e77-acca-bae0ecda0c45,tutalevil
c482c112-d2b7-4b4e-99a0-69ba02bef5ba,tutyolrío
02cba0b0-19b8-40f3-bf8a-796cd2b8b0ae,tutabeluc
8f1a74b8-b8f3-4123-9b5d-d92c50b2e006,tutjaqde 
c533cfaa-58b5-4b56-9794-31bc79998af0,tutsocnar
8b41a6cc-3fc9-4650-bfff-ec99fabd6424,tutporver
a5f74e21-85c0-46d3-b339-23f394aa92f9,tutconmes
6074961d-c2ff-4f8d-8548-3df507ad05e5,tutcarpue
6b18f32a-49b1-4f39-96f9-31358b690200,tutedulau
d426df60-c8a4-4595-8dca-5e87bb03a993,tutjoscar
799046db-6dd1-4147-b1b0-b0fabb7ed8ce,tutevaesp
754c9733-a1f5-4e4d-b52e-70aa1d14089c,tutpedgal
bcccbdeb-1e63-40ba-a752-917cb162dbef,tutjoscár
7a53c707-623d-4891-bd58-acf905f5b0ea,tutpilmat
467fa51f-4d5d-4f01-b03d-32e1fb8fa71e,tuteugper
b8687e06-426e-4bd1-8b71-0e19d12735e9,tutkarsan
e08d4002-989b-41f5-82c0-2c8579d8d18c,tutmermar
a721b48c-e1ff-4a40-b534-497dc2027001,tutadrolm
408742e7-15dc-4a60-bc57-ceb49e383ff8,tutmarest
90c9e753-f1b9-43b5-9fcf-38eef6bde232,tutjoyber
a493f92d-736c-4811-85d4-cf0a6f751c75,tutluzgar
80fd98e4-7ea5-48c5-9cde-ca718be4dba6,tutericho
24440103-b4b5-4e9c-9eb6-6e08130a6de7,tutmaxfaj
eda82b07-3410-493e-8c58-0bbb4d2eab6b,tutleojai
fdf33699-3c19-4f7c-b83b-3bad5e2885c3,tutramalm
f4a0a163-00d6-4aa0-a792-fbcb27b5d1f1,tutisaare
68bfc9b8-e630-48c0-859c-fd2b8407dd09,tutisrgar
e4b871a2-e0b3-4929-8f5a-ea39d7e7577a,tutluzuri
77107b41-cb1f-4e4d-8f15-103ffefb1684,tutluccas
2360886e-28b1-4d5d-a8e7-e046f40d1a8d,tutsocbal
bd7c322b-7a22-46a8-8440-bd9965156ce3,tutjulare
8fdf78ce-2cda-4b77-84e8-28348dad4829,tutjoaley
6fc3244e-9fcd-40cc-b1c3-7bebd08c4bf1,tutdanort
ea778a95-7bae-4d63-abc4-940e51474fad,tutarmoca
9ac09cec-7203-4834-9bbf-839304ed7e80,tutalbroq
461511e8-8887-4673-b795-6fae413a5eb1,tutnoebar
52943f97-2b1e-4728-b8eb-e673c1130c65,tutarapiz
5aeb8b80-f753-48bb-9946-85eccde0487c,tutindcen
a75e24cd-7931-42c7-bb49-6455142aaa93,tutmarant
e43f0c41-acc6-4e4e-8f28-100bdfa8a189,tutbeafig
7fd452b9-2e8c-4791-bce6-db682cf5aca4,tutireoqu
e171e5b6-667c-4872-a719-0177529e6e3c,tutalmrob
91a9e41f-2d06-437c-8377-a13267b0e31d,tutalmmon
9ff529f2-441c-4897-9177-1806b1bb0fad,tutjuacar
bd51ac8b-58aa-42da-aa61-87f4a1925def,tutjonluc
2012bc63-1022-4b94-8714-d61ed38ec563,tutflacav
58712ac6-a2e6-4117-bd4d-5c8ceefef799,tutraútor
22ae55cc-72f2-4479-901a-9f77c12e591e,tutoctgut
4f7d99e8-9ea2-407a-8bb6-0ae936a60a0d,tutemicar
28fe88a6-3552-43a6-a5d5-6ea867187b64,tutmónval
4864559d-87c9-4e66-bcf7-0e83968ec36e,tutirevél
6b3deb3b-70d9-4925-8322-0667592e0949,tutbercam
fbea8309-a8ae-4f7a-842b-e918de0755de,tutisrcej
6ab3a14f-ad65-46cd-9a9a-b25077ab0637,tutgablau
3ad91516-785a-46e1-995f-b2df568703dd,tutrolord
7c2ad8d4-a618-4379-993b-dd31bd55ad88,tutguamon
8da8ed18-a970-4039-b7c3-b07c8d40bd97,tutsalrod
45174664-e283-4d7a-9274-659e8657be8e,tutcrigra
e19d03dd-44af-4e15-83b4-e459779b579c,tutvalull
fef5e327-fee2-4b30-a222-3607e508c192,tutaldhid
bf62c9a0-b2f0-4d3d-ab9a-f96afef03f35,tutjongal
880cfad8-12dd-43b7-8dff-a5bc875d835f,tutaberob
2465df0c-078e-46ec-987b-cbb97c91caa4,tutkevlóp
dcd67d46-619b-48e9-b16f-e1be754c05ba,tutgerarc
cdb25b65-fb08-4dbf-af83-fb12d8a2b81e,tutpaumoy
d9bf411e-fc84-4ecc-9c93-d7c804f3b512,tutgrerey
72552af5-dea3-43fb-878c-1973abad3dca,tutflafue
e82c36a1-992e-4713-b915-27d2b3601d2a,tuttrilem
79ec8f69-b0ae-4223-bf03-f06c28def8ba,tutandbur
67ae1d27-b2d0-42fc-a023-a67c6cb8474b,tutpatech
41046b78-1c16-4c49-852a-e0e9b3473b44,tutaldsal
55d85b58-d351-42e4-8a77-0598e8fe5507,tutrodesc
5c0693cc-75ff-4534-b7f5-101f418b8cb5,tutaidreg
0e3929d9-9ee6-408e-b6e2-5f0943a3c70f,tutedumar
15f6db10-ff68-466b-b3ef-fcb30d85c321,tutbervel
0672c202-1afa-46e3-8fcb-70785dac7b5c,tutniccan
b12c5a4a-ac6c-4426-8c4c-9a7cfc9e092e,tutsonpiz
73e888b5-e170-4fcb-9b8c-214af956d989,tutwerpér
beaba25c-9dca-4fe8-9824-01a17773b6a2,tutcorzam
39224c85-d724-4152-89b2-dec44afcf57c,tutbelsil
f7f197a7-0198-4b02-8a14-501e6793418f,tutmaumoy
bd46cc86-14d0-4485-98ec-459531f2d11c,tutmarull
6f286e6d-856a-40df-a988-cbad0ceece84,tutdiebor
49d0c93a-bccb-4481-a8aa-ec422d9f4ea2,tutestalc
b4417011-ecd2-4a55-9081-981e4520ed8a,tutminmir
7145a3ee-2ae6-4922-8ea0-3da997c7ee77,tutvercha
ac3aeae9-c21f-4565-b578-9ad17cea9b82,tutjaqjai
189fc5a6-b273-4f15-8248-f2b1ef7a1479,tutberbla
c864a578-e8f2-4c72-8414-5a3129ed23a5,tutmarros
00ca7afa-3aa9-4c8e-bd4e-677405d1fe03,tutemioca
c659a0b7-3743-4d32-a5fc-ba7a8ba4b1d6,tutkarcar
d463b543-d325-433c-bd4e-eaab64da7a84,tutjuacar
46e256f9-df7a-47b3-892d-216c8f4dcb47,tutadamon
a14b671c-4baf-4650-83ec-5ab761ddbdb1,tutleolug
5f16ad93-5bf9-4843-aab8-e4a8cbf04cf1,tutmaxgod
c364b650-3ff8-4627-99ad-bcf7ce6d7bcc,tutcriesp
c3fb7e56-bfe4-431c-8444-3b2bbdb6d7ea,tutbardue
55bae865-58e1-42c9-811b-8f0730f9ec76,tuthelaco
be36e91b-4e66-4041-81e2-9651911636e4,tutmararc
97eb7031-a613-40ba-b977-92e0bd609302,tutespqui
a179b405-a8fd-47d5-a8af-299fffd016ec,tutkarpor
018822e1-3452-424c-a4ec-13a12a0c84ad,tutcarvil
5124f570-46ff-4908-8536-e019c6c2cbbb,tutanaleó
fd065905-337b-4497-88a8-40f5625f1dd2,tutaleare
203ada2c-88df-4906-886b-966c56fab5c8,tutanalui
cf49c5e5-5b7a-4023-a98f-9a1e493a18a1,tutdarfaj
5702f7fe-10d5-4446-929b-3bc24a35936f,tutrubváz
b030fc54-dfa2-4d8b-b160-95949f7cef47,tutespurb
a591ae71-fec1-446f-ba95-f472d946d5cb,tuttomsot
7463aae8-3322-4e6d-af4f-46f18b2710f8,tutmicoca
bfe8689e-29e3-4b17-bfe6-3557c2aff2fa,tutaidlla
ae11ec94-3ae9-4673-acac-672e70114507,tutjavreg
2d88e39c-e5c6-45a7-817b-24b0377e2b67,tutvirmat
1fc06e3e-f7c6-4418-89c9-cf76f65096af,tutvicuri
e2c0d184-bed2-4543-b633-1a103cfa722f,tutjonoca
33a2a114-33ba-4190-aca9-f860c8d5a483,tutcecley
1811472b-c3c6-4067-8b19-1c19e2e5e42d,tutdoldue
f7c0b877-ce61-4396-9176-b98ae647c975,tutrangar
6a81007d-10b8-496e-a315-a3c6c98676dd,tutesparg
aae2ff68-1999-4265-a319-c828777547c7,tutofemot
33e73cf2-eb19-4ab9-9333-9e82d4927e27,tutloumir
fc1c73a5-afdc-47ca-9013-9f6be80ee98d,tutkatmér
e2dba914-0fae-4293-ae3e-a0d64fc48edb,tutrosvél
a82d366f-dd9f-4d5f-babe-72b180deb084,tutamegar
93ec24eb-0b11-4690-ab9d-2007e106d9a7,tuthilarg
be6c71b3-fad5-4a12-8d14-1dcd3881dee6,tutsolfig
8f85c9a7-0568-44b8-ba09-01ab670b2ee5,tutnatnor
52c713a7-3708-42dd-a98f-473bfddde19a,tutantaya
6a694015-59d9-46df-bee3-e5833e304243,tutnoeroq
61b8af07-20c5-461f-8299-d8883afe830b,tutnictél
463eef57-c92b-4721-be4c-a73f5c5c57bf,tutclagon
7c93a78e-2ced-4ada-b902-49d0ad4546c8,tutsalsol
70c9c45e-5d9f-451d-9122-68652eaad4d0,tutanamar
56b91c4e-2433-4e6e-9635-2ce30fc7342e,tutrenpue
92a556b9-c2e3-41de-9b15-cb028271593a,tutivácab
a7940edf-7544-4efc-8a19-0f204ab755e7,tutandbal
2a1cd236-a432-4323-96d8-094563c6e1b4,tutángley
ae98996b-0628-479d-873f-a96b8a78336d,tutoliped
28c22d78-abb1-4048-bb93-86e8c3f978ae,tutmarmes
957f40bf-c4c0-48cf-b541-718963d35065,tutruflim
d1ed77fc-dd2a-4374-8be7-0396efda6c88,tutrosgon
3d797015-e0c0-405d-9792-6247d1f3d659,tutarncar
0a908d26-0716-492f-82be-94fe38b7bc9c,tutnanyáñ
b365b6a7-3f07-4004-941c-06c6958ef52b,tutserrol
301ba1a2-c7ed-407f-82bb-a408a3582eda,tutricsam
c49ed239-1fc9-45fa-a39d-6ec0f2221e18,tutrencas
5596ee1b-8750-411e-acdc-49e53ceca7ac,tutjuavás
3f93301c-f861-4acc-9ff4-fab4bff50eb9,tutinélem
e5d49e95-0535-4175-b3b2-74e96d29292c,tuttanped
df2e83e6-df6e-4154-a0c8-75ffa3351779,tutrenlun
78d189e6-038a-4510-8d8b-832e2b8529b3,tutrobvél
35eaa26a-1148-4fa0-a5f6-f4f4cdb99780,tuttanull
4468c1f3-6e9d-40b6-a229-1d482143c530,tutlilpul
86f818a8-58b3-4a38-ab25-19597dfef112,tuthécsam
92727b16-f70d-4cde-b5dd-51b36453a636,tutpatmir
f021f394-30c0-4584-b75d-3c01f80ab56e,tutjosedu
3ddc36be-2c18-4700-87d9-0e8d188451d4,tutandcha
a25c946c-13dc-4b0e-a98c-70f6fe0fc621,tutalovil
e2bb6aed-c516-474d-b841-128290aeadf3,tutmarcri
cabb925b-f2d0-4c67-9494-843ed699d1a0,tutalegua
8b95959a-4c20-43ff-b6da-d8a1808d4b46,tutsarzap
9639efbe-d1a7-4bac-afa3-9dabbb257be8,tutelorod
cedb4996-8033-4260-9a73-6cfa495bdd36,tutmarnar
7b3c4706-58b0-49ea-a99a-9d8156ed67a0,tutlincal
b2e4cde8-c003-4952-9ab4-71ef6679ca9b,tutpaohol
c0f60bdd-8bc8-442a-998d-c76891194218,tutrodarm
5c219cf3-0e74-40f4-b741-ffc28bb8a086,tuterncab
ea0f60fb-5459-4e0b-8cbd-b7000dac2b78,tutjosjai
d9ca4fcb-1e8d-4898-a5f4-ffc192849735,tutroscab
0cc6265f-1516-465d-a7e2-eabc26a52661,tutiretre
dea60898-dcad-4aaa-ae38-eec1328778d8,tutvancas
c623f2ea-6ebd-4e3f-b204-d81362bdaab0,tutnoereg
2a98f7c9-357a-4634-975b-56f9bf5446fd,tutrossan
6955924c-5e53-4569-ac3c-40f501c24da6,tutramsol
56e5f3c8-b2c9-4dcd-a327-96f3e74152fb,tutpaurol
25c93545-3f7d-4488-a4cf-ad8a72ade9c4,tutisadom
b3b1202c-fca0-460c-ba19-f8bd23551ecb,tutánghid
6a3827d9-8fdd-4ae8-8517-6d64ff8b6a02,tutaarced
896f6044-fa06-449b-96d2-99abffe3df04,tutsalesc
d11cee78-5fa3-4f8d-8f21-d0e031a02708,tutcelroy
38f06361-2ff8-442a-9453-66b11d536a3d,tutcrimes
e6f4a821-c677-46fb-8212-53c7b9ee6ad7,tutyurroj
89f5a193-6fef-4b3a-9c1e-67ae945d8972,tutcamtor
895dd3ed-f64e-4e4d-9d52-84a53047e434,tuttanbar
1b8d63e9-eebd-46f4-8a3c-cd9918ea4ded,tutsesleb
bd2fd9ba-904c-440b-b1c7-db25c4bd264d,tutmarced
ca734210-8a3c-4733-8faa-abd72e071118,tutjosvil
037e354d-3b95-4369-9819-6aa726eb17f8,tutjacgua
23318a2a-278c-405d-97d2-11a288906ac2,tutcargam
f62e9b31-61af-4578-8fbc-c6d9346e8aa7,tutsussal
1e64d0af-fcf1-45e2-b765-678eece0467d,tutlilech
1977bac1-9fe0-4a51-be15-40f4f6dd407c,tutleoluc
38c9b519-6396-4747-9b5f-00e5ef9ed3ca,tuthilbáe
093e8a52-89ba-4cef-a92a-d97f1803dbdf,tutmarmar
501df49d-6c9d-4a28-8c2f-64eb9eeaacad,tutsermon
78e3f93e-2cb4-42dd-b419-6ce6b814ed84,tutdarcon
965f62aa-858c-4fe5-9b43-5d2b69d47c30,tutdandía
e7fb939d-0902-44b5-890e-1d72fd8fa446,tutfloroj
edc4485a-8590-4adf-8ebf-3ffb3c69732a,tutmarhen
7d0411fd-db56-43d8-9298-468ff3c729f1,tutpedyáñ
d099873e-3fe3-460c-b83f-71925059938c,tuttimuri
ab908361-196c-4b68-ab8f-2448c161b5ba,tutgabalc
13fe858e-105c-4ec1-a24a-eeefcd17f628,tutanecol
f3f82366-dede-47ec-8321-31d0cfb5a5c7,tutroshol
22df1cdf-3458-4d1c-baed-423fc9ef4f10,tutilsjim
641d93e6-5fd0-440b-a144-338a6f60517a,tutlilmae
98e1449f-d9be-4c35-9dbb-adc0eac10392,tutnancol
9d13828d-a6fe-42be-830c-15b84eaf73ae,tutmarzav
2af9b662-082c-4843-98c4-7f3ed0c5686d,tutflames
d328bf46-63c2-4057-a226-266010b6f7b0,tutelivil
945c0c93-4ace-4cf6-881a-b2aaa27fa79a,tutcargar
a6780af9-b53f-4733-8035-b4a4eb7ed953,tutmitmar
c8694e6f-f9b8-490d-8548-ea5da26e824a,tuttriver
3db0fba8-7b81-414e-8ff9-b0ade5f35fec,tutestpal
9aa5a878-68bd-4385-929e-f089b57ac22a,tutrodcal
30077abe-e3c4-42e4-8d59-7f7cd1632b09,tutjoscar
6ecaf2fb-ba0a-43c5-b48e-5242b93e021f,tutvalmoy
8e64aa31-1085-47e3-aebe-d3344245003c,tutbenhol
07d08cee-a0fd-436f-93d6-05d915b94c99,tutrenlue
4273a8bb-f657-4b09-8165-b2695f364793,tutnatmay
bbddca84-70c6-460f-9b63-6a09d1d73555,tutselleo
448a9016-d4fe-463b-bfef-1f73f632a111,tutsamtaf
f7eb120b-bd34-4e66-b273-84d541e9cf27,tutteomir
c576c90b-747d-4edd-a798-d4dbfa4a08b3,tutflaurb
33a4a1c2-a5dd-4ffc-a82d-2b9d1652e1c4,tutrosort
8ba530a9-91a3-4b2d-a60f-89fbca58efd8,tutabrlau
88e74b79-ee1a-460f-95f9-38bae8da8837,tutnazgar
add0ed0e-7657-449f-8e11-3a04c8096b09,tutserfaj
25d911a6-9ede-4e21-b53d-bda8903edee6,tutterram
2ebe04e0-6c88-40b4-a06e-24bbe348fd33,tutsescam
858b74fd-0bd7-4ea4-99be-9ceea20403f1,tutemicon
96baa500-363e-459e-affc-12c664132e54,tutdenleó
0a23eae3-f069-45b2-b246-8d147ece61a6,tutserval
35414db5-7987-480e-af88-ad982e08ba18,tutgennaz
91677f3a-6373-42d5-9a5c-8a9951405e1b,tutjuavás
6eaec479-68ae-4ec0-9bf1-eb3ce1767805,tutpatlau
d276c1c0-09df-4bf1-9d68-e5eb33f1525d,tutelourí
c17f3b5a-5a42-44c2-813c-680cce6331ff,tutdolvás
9a6b3371-ddad-4d6a-9d51-66478f1dd56b,tutreysol
869eecac-95bd-4a0a-9e27-8e14cbc61cde,tutkargon
1dc9d018-a73a-4f4f-bff5-1becb6a252d4,tutmaxcol
54a8b0bb-c6f2-4377-926d-acb3b160118b,tutgabmae
711cac28-eead-4e2c-bb79-3e89b3a0aeac,tutmatlon
ce06f7f5-4e69-4241-8a61-57c7382d6ca8,tutlucdía
3904b653-b67b-4e0b-8250-db0dd1e87bb0,tutluchol
8bbf8e53-3af6-4221-9a08-07f9af9c9d5e,tutvercar
7f2da615-1659-4199-9418-c5e479f48352,tutbarher
0209c104-11ea-4acd-a27a-70c48351b90d,tutazumol
50600fb7-1560-47f9-8c5e-920c17aa3bd0,tutbrucas
6bbb474f-f4b1-41c2-91ad-a7716667ecfe,tutmatbus
7365e216-93c8-4813-af56-de193266a0ca,tutisahar
c46d868a-ff5f-490a-a2d1-5fadc56f082d,tuteloech
6fbafc4d-d23d-4aee-8174-c5c216e939b5,tutignher
3423d04b-e301-48d8-9dc8-33fcb2ca2098,tutelvsan
9b04a21e-b434-4823-8e7d-2f6775a3e478,tutabeben
d0780d2b-0d58-42ec-9848-1f99328a0957,tutmónrod
b8bc647f-c836-4a71-894d-56e3fcb5e038,tutraúhid
e417796a-1a5c-4587-a89b-54099c7e4bcc,tutestull
68efdcf9-3a17-4fe0-a755-b506ffd01625,tutnelpar
d63a4a26-03a9-4650-bc8d-a8154d6681bf,tutgercha
43419015-33ec-4337-bf5f-0abfc6ebff67,tutbruguz
6b1d041d-5bf8-4c0b-9852-7b7cbe58b639,tutyanesc
619edc11-599a-4516-8a93-267c4a82bc6f,tutrosluc
7cdd42fa-0c74-446b-b7af-303476598324,tutmicroc
2716cccb-cfed-4e36-a353-5d7948b7595b,tutaldped
0439c62e-5605-4202-904f-b6adb1029bfb,tutcaraya
0ef7a68e-2e54-4dc4-8b0f-fd8eb31581e1,tutjosemi
dd6b608d-d0cd-439e-a4fe-f35858600a98,tutramriv
3e214955-9c7f-42c7-8b45-9e21107a7ff8,tutemiluc
e45a5ece-ac26-4719-98b1-388419777c1b,tuteliver
d845f16c-30cd-4e93-80b1-d47028e88161,tutfelnor
16a98e7e-1724-4247-a600-1e5ff5fb74f7,tutjesang
c6fc3f28-79b1-49f2-9e06-81056d978db6,tutestcol
300b6cdb-171e-4b19-b45c-0ecc5511b088,tutpasgal
910d8458-9d1f-478d-9f55-9d963b1c5a13,tutauralv
869fff69-85b4-49dd-b615-c35c824ce4ba,tutanamar
a4bcabc7-e2f6-46bf-835b-39dce156360b,tutandver
3eafdf1f-5edb-4c37-ad01-5218f84dff62,tutvícvel
677d67c6-6d30-4631-82af-d7e06203a77a,tutjonpat
846894e7-0c2a-4209-8778-beb5720cb5de,tutjuacar
3258fd83-dcb3-44e9-a607-14af61802c3b,tutleonaz
9109732b-37f4-46d8-b01c-98ca6eada20c,tutisamar
c9991d12-9012-4eb7-bfb2-bcb18968daff,tutgilarm
eeb82493-c05a-4b4d-9b20-6c52ffdf5ba1,tutnayigl
fcc315bd-7d3a-4bb8-bbde-fde0bfd63ba9,tutclelom
ee73e64c-c2bf-45f5-9ce6-dff52804ac01,tutcamben
01d4632e-f94b-4dca-a8d2-3502f8544224,tutestben
d527a5a4-f9c4-4a5b-9f2b-4213be4a4c43,tutdiavil
f269017f-c3a4-4f20-b9d7-0713340c470d,tutreyfon
149dade8-74e5-4847-adf0-fee911d66b5b,tutsolsam
76498057-2783-4df6-a071-78c4916eead5,tuttimcol
8f12d309-a03d-4f9e-a8b4-bec7bab6bb22,tutmarsot
134a020c-d735-471d-9791-c7e2fb34e4a1,tutanepul
547f3665-35bd-41f1-85cd-5963b4ce65da,tutsustej
f0a4959c-c14d-4c2a-a97d-73e6bed89fb4,tutrencal
4f623686-aa26-4b5b-9363-1c473e7f77fd,tutjuacar
6010d6de-4182-4730-b0a9-a2c4effda9b4,tutcecleb
82d702bb-6cdd-4311-9e83-44e0273a2d60,tutmicbar
154a2335-b2a0-47dd-ac85-e6a4e46da2d6,tutadasai
18d302cc-2c3f-4dc8-8b31-3e6b2b610913,tutcarcep
950c6d68-f696-4b02-99e9-958dc7e7a617,tutjacbar
0e0794bb-476a-4b03-ad1b-96ad8cd1aa72,tutcarlue
1cd55177-8a5e-4581-8bbf-4adbe8c23705,tutmicesc
795eeb99-3c8c-4554-822c-97962cb1d1ce,tutcarzap
86156bd5-f469-4577-a59d-bafa8a76fd27,tutóscsal
2cfa503e-71ad-4ccb-8a2b-602372b4b1e3,tutpatqui
f1ab510f-6173-447d-a35d-f0adf6e64c65,tutlilvil
28138bef-c65a-42cf-a29d-c29386e9dcdf,tutmarter
d7775c05-8db1-45f5-9c30-19757264accf,tutinéesc
9d58f088-8d7f-46a5-ba98-e1f504102572,tutvalarg
4e54abba-6005-4ac4-bfc5-78f88676e5b1,tutyolcal
c861d01f-781c-4c50-868c-8368b84a4f20,tutrodguz
576ed29b-b6b1-4b4c-83b9-d61b8c494165,tutaldesc
6f730255-72df-4dab-b881-9ce91b65a1ec,tutyurcen
cc84fb47-ad69-41fa-9eaf-501f57a5e7ec,tutmaxmur
a2a6a0e4-2865-42ee-9e2d-9b6075a12617,tutcarrag
a9d50e32-08ae-4a2f-b28c-d380ba39f998,tutguipat
26b4b0d7-c162-4632-8573-63683a6b40fa,tutcitgon
fc191299-a932-45cb-8b85-755d1b413ab1,tutgabben
79d5c796-593d-47a1-9f32-1c945fe3c5b0,tutrocgar
95a563fb-7658-491f-8750-63be1922d982,tutclemon
96590f88-e2f5-47ba-a7ad-a3bd637d34dd,tutsesgar
93022451-e586-43e1-a9b3-04614caca87c,tuthorroc
4a9b380c-af25-4f43-bb49-d2fdc8e40a6b,tutconcon
69168355-7d33-4c2b-8b14-27464584cd9e,tutarmreg
e7d3bf5a-f177-4c29-a7a3-51451872795a,tutadamel
cc07859d-936b-4cba-9029-82e049c1e8e0,tutjongua
813bffbb-0205-4ea5-a7b4-b9fa69a878f8,tutgusalm
2e0033c7-290d-432c-b0b2-90f81bc29a89,tutelofue
e61907e7-1c31-4b1b-8464-1135309017cb,tutgergua
404519ea-fc49-4d85-a318-b2476c28efca,tutjoslui
390cc706-d7fa-42d5-82c1-27da0e335909,tutgerlug
29a5dafe-5aab-44e3-87d0-9e24638ae989,tutberrod
732ea3ad-85eb-4e3f-ae51-5b71f0251ba4,tutpedbar
111164c6-8d07-4588-8cae-fa5e1bf94830,tutjosedu
8f7ef234-19f8-4f36-b7db-952feb2f7a67,tutfelzúñ
5d56c496-625a-4c79-ab3c-b72ec32fb183,tutconlue
a9c10892-932f-47ae-a2cc-3c67edb44abd,tutevemen
b87c6197-5589-4149-b607-ff7c2a59629a,tutmarver
5e8c922a-1574-47cd-a3b0-771537802bcc,tuthomcal
2037f47f-e032-4052-ac39-e2394683d7a5,tutrogla 
7e4a0560-4aea-4d29-803b-162b2319aac5,tutestde 
036d841a-615c-4a06-8e63-2dc06c99c2af,tutsantre
24665922-d2fb-4ad0-997d-d938d5240016,tuteugguz
303fa9db-26ce-492b-aaef-79a0d16c3889,tutaurros
4c320ddb-ce1a-422e-89b4-4e2bcc640d36,tutsesfon
4ad4cc0d-f08d-4446-a49b-7ee402ae05af,tuttancan
1c56d7ad-28b0-43b5-9956-aeef51bbdb20,tutzoévil
7cb54426-c456-46f7-b6a6-36fe8caeb4d6,tutwilval
a4694b8e-3ffc-42cb-914c-73ff8dc818fd,tutrubalc
c3b5be95-959b-4ab0-9bbf-cc0cb7a99392,tutrebmer
6324a346-7c1b-47b0-ba21-5aad8487036a,tutomague
38986c02-6f85-4268-8a75-f6ad25d5454a,tutyenesp
4772ac7c-5f0e-4c48-865f-153cc0b5dd24,tutlordue
2709ce66-fd37-46c6-a94e-c76435fadfc4,tutcrifaj
bca1a56b-3034-4e64-b31e-349d835608ed,tutestver
c51f5c8c-1f86-484f-badc-e7dc4d79fed4,tutabesal
64cf3d77-ae41-4759-bb14-dddef35c1898,tutluimar
57c7e1c2-7b89-471b-b244-8cbc0cdec618,tutaldgon
35890276-9b59-409a-b641-5b5f4cecd6f8,tutesmcha
89c8cee0-25ce-4ce2-8d6f-4c1c7dbe9b3f,tutabrram
e56de603-5fa4-4f1a-9148-4caef43731e0,tutaraoqu
2f3dc083-3af7-4a5e-a020-2fbe87e840f4,tutadelue
10425770-75cd-4ffd-b292-360b135e62f3,tutiváech
9e882f0d-2373-4864-8ce9-e7c155469c46,tutaurmat
6bb46dee-1f97-43aa-ad9e-adbb06893672,tutmagbar
b153d728-f730-4867-b001-c9ebbcd7df73,tutnelvil
320902d4-c1a9-4c66-9d41-df23a5e3baa3,tutorlmir
3db08196-e27b-4207-b183-ec0b0fe63b22,tutluzcan
5d955288-5209-48d3-8967-634ee946cc5a,tutconnar
2bc479cc-525a-458a-8607-66f7cefd28e5,tutolgcan
b19579bc-e539-4213-bed9-423ca41840b8,tuternigl
7a82e5c9-059b-409f-86c0-9b15e5af5118,tutfraval
2aa33f20-4c4d-4226-aacc-f348d63b4576,tutpamzar
94a8d0b8-2328-4ffd-93fd-207a525bf5a3,tutjonlim
d650b9b7-2f84-498f-a5a6-7e275879c619,tutpabtaf
9d439aee-eb8d-42f0-b521-a0259af0e6a5,tutrodoca
18753843-5780-4be1-ac03-94ef796bb3d3,tutanaher
4d5c79e0-434e-429c-ba2c-367187c51652,tutserley
19d31596-bb52-40da-a24b-a457a165333e,tutmayull
a4f5a395-ae07-44d3-a62c-6afce0e0b65b,tutauraya
a4585036-50a6-47bb-8250-5614be2135dc,tutpamroj
d718b92a-7c91-4e82-a8d0-9b16bf706c93,tutdavuri
01ad3706-4f5a-4b4a-b6a9-12bbf3bdbc24,tutjesolm
8d3d40e3-d9d7-4496-9c56-1919de8e2d67,tutgercar
ff69fa25-9e06-4b2a-92c6-55a852cfd030,tutfercan
7d04cd58-022a-46ce-8f43-9e45d51e63db,tutdanvil
1f5b7afd-9200-43f6-8802-925922311a25,tutgonlla
f27b5799-71c3-4c6a-9c2a-626b8078d821,tutvancab
92aa95a0-74bf-4678-ae73-60e9ee050722,tutaliriv
de89df23-9501-40ee-bb74-f318a4ba7dff,tutmarant
316cbde3-f9e7-4a01-a20a-5fee3d86b1ae,tutiváort
4c8b4298-0bac-4901-9ac5-7b492ffc77e0,tutpatoqu
c3ae374b-9987-425e-a47e-388d332d0099,tutadáesc
128c5cee-696c-4fec-bdc1-19fc0fb6797f,tutramure
33395dff-fe80-4a02-89f7-588bd7bbc3e7,tutjefzep
ac393b9c-42af-4c34-907a-da236565385c,tutabebur
2dd71f3e-89fb-49c7-a777-9fbb44dcd0e5,tutisrmay
89fefd5f-1359-4058-a9cd-46220e040373,tutisadel
962cc57d-97fa-4393-847f-58c735fca55e,tutgaeesq
ce6024ae-2a5a-4c58-9d5b-d37521324f2c,tutandsot
e3db8c15-334c-46a6-ba9d-da04606d0770,tutalimay
6afa9065-f883-4470-bd42-3e414b40bd03,tutdelsan
c5059482-450e-478b-bc4d-0df5698f0050,tutaldmon
6fdb4ad2-6a19-4f84-ab57-5a5ed87dfdca,tutantvás
677c2fe7-3ef9-4260-8fff-73e83b898af1,tutestvil
6ee4ec50-73ce-4f2a-88ef-b0882bdfec15,tutamasol
b1f90955-96d6-44b6-a629-68a04a9bfbf1,tutmarlau
a4bb3c79-222e-4033-bbbf-3111f3611c2a,tutjosman
4edb163b-095a-4c1a-a460-abe89abc2da6,tuteligam
800ca513-e961-407d-824c-b0ffcef4ea90,tutberhar
e7a5d12a-17ce-4093-a847-6fedc8c01f97,tutfribáe
3fa5efba-4e88-44da-8092-41dd09b5d5d5,tutcambáe
d84a3a2c-c914-4a82-ba43-23f37c2c6eab,tutmarpar
b5917cf9-7e5c-4e18-9f47-4de097f6873f,tutjulsol
91da6b6a-1ac4-4482-958d-e3f3707755de,tutadrlug
481beb6c-9b24-4726-b0e9-ec4635401e48,tutramlla
22e38708-af6c-4d86-b627-f8610c9fb117,tutmicyáñ
16f49dd0-2414-49a6-9bef-7bfc5b90bee5,tutúrslem
8a517703-20ad-457a-9390-77c89f3079fb,tutjonoli
46479cc7-7fe7-43f3-a1fb-59aad12ff665,tutgencar
46fdb8c0-ffa6-48c8-8ba7-02786170a50a,tutgablun
3914ab17-be4f-4838-be85-c3552fafa460,tutpedlug
64cf461a-1d2c-435e-88f4-0abb4e1b195e,tutabebra
475fb85f-8910-4825-8f67-864d28119fff,tutberman
c29f7dcb-e096-4f6f-9cc7-0453c3872657,tutcelvel
1eaef7d8-2d8a-4a19-b8fd-1db546a97940,tutpaosot
56aa6649-f269-4101-985e-a5e8edbb7dc1,tutólimay
f1161f8f-574b-4f55-b0d0-f9b6ccc5bc35,tutlinvil
c752f4ac-de9a-4b74-a47b-2978bc20c203,tutmodla 
f298e5dd-c3a6-4cbc-be87-4023055748ca,tutwilcon
4b609e93-c1f8-4c8d-988f-2490d65dfe63,tutletbáe
6c5c7932-d4e4-455a-93a1-a4ce1c505940,tutjoareg
9dd92c2d-d529-4a2d-ad57-eec839b8f844,tutanamar
dc725236-babb-4f0c-9bad-4f690d046dc8,tutsanhol
b9fa0713-c01b-4860-aa40-339f8a5e4e9b,tutesptre
5c37c9f9-9d45-46bd-a951-619610a2764f,tutvalurí
1fa3190b-15b6-49b5-9c44-ed3dfda01a46,tutfabval
2909e41b-2b17-463c-9ff2-88fbddc28a9c,tutrenigl
3ba7fe19-353e-41f8-be09-99c19042a622,tutbarlue
12d003f7-34c7-4d2b-9cac-e2091d9679b5,tutmarter
803dedb4-4043-4582-aa07-b2bcefdb6a54,tutjavcab
c8447536-4a6a-454f-aa91-32fa88436d4c,tutpilváz
d221438d-17f7-4cdb-9551-0263313fd9c0,tutjulcés
2de49758-9b4c-497f-8a26-e3096008b652,tuttricar
17620f12-d8ad-45ac-a389-a479b704fd3f,tutflaben
595323cd-3d02-41cc-b766-dc791336c684,tutdarbar
5f1a41a9-4fc3-493b-b8ef-fef6c5b450cb,tutpatpor
863b7044-5e10-4c1c-b1dc-8baebbd31f7d,tutjacpin
7eb03315-6170-4751-93f0-55f22e310d05,tutgilgue
ab94cfc4-0d65-4bec-a338-5ff4db04c3fe,tutaldtej
997ac6da-dcec-432a-8ccd-d35796356df1,tutignrod
dd5e07a7-d4ec-4edb-8d7e-40ef51098fa0,tutjuamot
b60f1739-a40b-4661-97d5-a556d477a351,tutaltgra
3c533eda-1518-421a-8513-0a95e92b0bc7,tutviccor
c7b5a533-1223-4bae-9daa-bf19ed973716,tutcongra
2855b4bb-3478-4920-a5e3-6365203ac4cf,tutmarcar
a4bc2f7b-8429-4c8b-95d5-ce2b1798a8f7,tutsesla 
868ed3ec-27dd-496b-9d28-48ea18710c1e,tutiváped
ea7a3c3c-d29e-42b4-a6d2-3de5c2434709,tutpammon
237cb2ae-b5d5-48ca-bae3-95932a19fb46,tutmarurí
b05089e8-4491-44b8-819e-920d85b76878,tutmigmen
28c29980-8b3b-4745-909e-e3334e2e45ab,tutbarcam
9509be9f-8b10-472a-9ab6-2186cf5a4faf,tutrenvel
774ed948-3968-4161-b0c6-6998e195cb87,tutanapin
e9232972-7d36-4406-8493-2c5f3a34d6d0,tutbardom
77d79e5c-9916-4b1b-b47c-fdf7c8a7209f,tutrolped
409b272c-14b3-4977-9c98-9ee2eaf05e3e,tutamemar
f02feaa8-9134-44ed-87b3-f1c9a427be77,tutomamas
1c4718df-05db-422a-89e8-af1b818f238f,tutabebra
f2131ec4-22f7-498f-b180-e4a5f0d39d77,tutmatagu
5749f91b-02a4-4ad7-841e-613b3a29d9c6,tutaracej
43048b87-1a32-4bb7-bfbf-832083b65866,tutnaycam
0c2065ba-2e21-4a2d-8e2c-e57bbc4d62a9,tutwilcol
0c42fd0e-5350-4bd5-b6e3-74c40844d2e7,tutgerama
af7cd1f0-dac3-425a-a9c0-878449ea5a5b,tutpaunar
7fd6fa1a-ed90-45dd-ad8d-ec81062d1d4f,tutjosesq
12a0d958-9450-4564-97f9-69ccc9d40742,tutcrigua
889fb58c-f1cc-4766-a3c9-d86206b33154,tutnazrío
53e9a786-7bfe-40a5-a94e-f76e0197886d,tutmanmur
aa4120e8-6b2f-4bd8-8967-083d029785fe,tutaricas
f214ce05-3234-48b9-b4db-f4ad0ccb32a5,tutsocrio
d5fc3fe9-a5b1-4468-abe6-ab710dc19faa,tutmarant
aa187e54-0df7-4680-a520-31e11a11c68c,tutsamesp
91d02ed5-71e4-4197-8c34-f13617d1dc73,tutmarsan
a34149b7-647f-469d-8af5-f7ab4232c39d,tutbrucar
7ca49d65-1041-4590-9b3d-e3fff13dceb0,tutmagzap
248b27af-3d88-4fad-95a6-3e0e2b199cac,tutlouoli
99e8c372-528d-47c8-b755-a7bd6ca91b2f,tutsesesc
029684b7-ded3-4a9c-ab99-46c94f5a30e4,tutdolluc
e81efc3c-2495-4372-916c-0c02e9841cf8,tuteuggay
d7ad511e-eb12-42e3-aca9-5b3ebd129817,tutaldoqu
26121c10-d327-4a75-b7e2-8168a1183f30,tutúrszav
91a152c5-ce6d-4703-a984-e135eda8dbcf,tutteoesc
d11fb794-31bb-46fb-bb8d-f9034162874b,tutjuacar
a8b81a81-22bd-4ed2-a864-7fc098cf64d9,tutguilir
ebb283d4-2bcc-4bde-aeeb-0fd0a380e131,tutandtor
09f5001d-0fae-4c2d-a96b-91a13fbcf01c,tutnorcar
64e32277-5064-4c6c-935c-1c1b1ade072c,tutwenpue
177e2eb7-b8e8-4e12-a65f-bc8ff0bd1041,tutluctru
1718cb2d-3a03-4e79-93c8-8e5bd410aaca,tutbruare
6476bdff-a1c9-49ad-96ff-a719ff9525cd,tutjaipri
cbb76802-7fc5-4cff-a9a9-3dcdf15836c8,tutmarjos
4113b9d2-9446-4626-b988-8c0f501273f4,tutanalui
87e377ad-c766-45a6-aa8c-999413b9ab28,tutclazar
c8c7733b-52c5-49ab-a08c-7a0448a2bd8a,tutberlab
046896cd-268a-409a-a586-f56eb580aaa1,tutalmesc
7f20fbd8-880c-4941-b181-23604bef7d08,tutesmpri
9803d928-9e9f-4bee-9e43-965e6bc88b70,tutcorluc
1ab303a8-114e-416d-8826-545f60c4cb53,tutyenpri
40680eaa-a23a-41f2-a80e-4084a43487dc,tutcaroqu
446fd318-c824-4402-ab56-53983e783dc6,tutrocqui
657e4c5f-5ad5-4ee1-8e9e-b1a36c3ce616,tutantlom
133cacc4-69a3-404b-aae3-fc76cfd77d10,tutlilmer
4d209638-df72-44a8-a740-c09e7027f49d,tutfelman
d36b164a-b6e4-413b-bc59-af427532a3b2,tutirmhid
6e5b7fe1-0d88-4ec9-b58d-5487fbcbd396,tutnelaco
77d7b091-0a00-4cda-a363-f1902a0f84db,tutrodgay
151dc182-826f-4421-8720-05cb1a6630a4,tutzacurb
2bf82ddc-2124-49e0-b6f2-7fd80a31082c,tutcleley
0a3125e4-ef53-4de6-a096-5e1bb8af4114,tutbarmen
d8622c7b-d6e9-4f62-be18-ddc813e8dc56,tutflacol
b4acea99-3e5a-4cf5-83cf-823c5922a643,tutsalroc
d3f7a575-72e6-4ee7-a443-9094a73e67f5,tutfrajim
3feca953-c8b0-43c3-9729-721fe33243c4,tutestcue
3e80c4de-2280-429f-a644-47071c9fe710,tutabecar
0f25893d-7659-4753-a01f-1d6de5862429,tutdiepin
3685c359-82e9-4a51-8040-d89b475e097c,tutrogcen
ae31c261-95aa-43c8-a13f-7549c24dc625,tutviocab
f144e4b7-b695-4904-aef1-03d2ae825667,tutpedale
8cdd4d8d-3fd4-4adf-a1ad-b7621edb2dca,tutcamben
7090433d-6833-48a0-8545-c6d660bce850,tutánghol
ffb3f384-065a-4d5d-afc8-a2c054881436,tutjortél
c18ea1ff-f595-4da1-a6c9-bd6945f514df,tutjuaval
f19a5f30-3738-47bb-b6b3-9a43a19b76a3,tutberdel
3fff75a7-f486-4a23-a9fa-2b059f726bc2,tutdafram
472532bb-0b6b-47f1-8450-ca1ff4c994cf,tutgloama
304cfc1e-ee25-4657-bb05-ad14cf8e5d74,tutwenpue
0097dcd9-2c6e-4f6d-8c5b-96034c4f45cb,tutnatcas
8fc8c5b4-d62b-4e71-b55e-75d8d03ab5df,tutbiagut
5c9c075a-ae01-428d-be33-706653d79b39,tutwengri
396bfeea-7a90-493f-a602-c553d498785e,tutjoapar
43c5441c-8135-484c-b46e-bc15516fbb3e,tutmigáng
be64654d-da02-42cb-aec8-cf1997c92d29,tutjoslui
673dd6b1-4a2f-44ac-8724-aed9bcab5764,tutjosgri
0f81aa15-796e-4ec2-b026-20ff81bde964,tutbergal
6df434c0-76ae-4896-a025-dbcb7a77ca52,tutcorozu
cd435ef2-7cd4-454a-9364-885a87229f13,tutserqui
2ab6120f-c14f-4974-9373-2c989873056d,tutvictaf
7790d2c7-1372-4b12-a3e1-2dfb503d99d7,tuttercar
2dfde588-ba7a-4027-bb3f-8b49135369d1,tutarcesc
f7e01a53-658b-4abf-906f-a3b2451c456f,tutrufpue
9e93b1e7-73ce-4cfe-8f33-85179ac74f34,tutomaoro
6ad58d86-cb43-4df7-a2b7-16b02988d410,tutsoccol
8e1e7c77-3e84-4123-ae8f-d615f7df2bd3,tutarizam
8cede0d5-fc51-4d63-bfdd-c3cd54cada19,tuttanbal
0ad224a1-9b92-4b33-ad06-5dfea3fecbdc,tutsilmur
e6f60d9a-32e0-4d82-b6ca-deab51ee83b3,tutleonar
62b9b55a-0f81-4f7b-a87d-ab3ec8bd5206,tutdanord
afb44d96-e271-4af8-a114-111c204bd09a,tutzoéalc
dcb4dea4-8e8c-4f45-a305-bd8d595341b7,tutroscha
fd7f7529-6ef8-42da-809f-22649dd7b1cd,tutsilare
df78792a-e8ab-4af3-8fc9-1a17693a43ef,tutjaicam
049e0c81-e7e9-4bff-8139-e95f5af3342d,tutmarcri
3f092aab-1d91-418a-8dbd-c6fd3ca657fc,tuteduvil
a22c85d9-96a7-412a-8594-d0d4902bc78f,tutarcyáñ
f84e4b2a-c61b-491f-9e1a-2ff43f3dc9cf,tutjoscon
3140b0c1-9b53-4a33-85c0-c6699c93bb4e,tutcitsol
4ab21695-3407-44d1-96c1-864185302704,tutcitsan
b1ac3d13-3714-46c4-93e0-a93d084c90c5,tutjosmar
3bfdf5dd-8416-47c6-ad77-4e48fd5e282b,tutsilvil
9d147761-7d03-404f-a7a7-71399eeb8dea,tutmarsal
520c4dcf-b9fd-4415-965e-01d81a6e1439,tutanttre
375a83ab-157b-43e0-8c14-8c47ecf877ef,tutnelgam
fbf6e2f9-36cb-4b5f-9531-1524277369e7,tutnatcar
c3290713-b9c8-488c-b8d2-22d299553b3e,tutdanoro
02f7fad2-23ae-4b0a-a589-fab71e42f986,tutgenurí
bc309e4d-8a93-4698-a9b4-9a29e7eaee2b,tutluccen
ccab8b6a-fb5e-48b7-b9d2-f51ef4bafea4,tutmarcri
0df1f584-c238-44df-bd6d-b9f1f8ef9b93,tutnatmes
19b1f525-6b0e-466c-a8a6-1e031301aeb3,tutúrscab
8c6c0ec7-ef57-474e-bfd4-fbe0b3dc4cce,tutmagpat
a562fc8a-810b-44dc-a086-b8ae95ffce6d,tutmirari
dfffb3a9-21b3-4e74-b647-d8a05900942d,tutluiare
10026313-2f53-447f-92e5-e500fbcdb22b,tutelsarc
894e26bd-7ed5-4680-9988-f16e03a6d595,tutanamar
e54e2680-91ce-42ff-ab5b-8e9e6451fbd1,tutconvil
73bab8fd-474e-4e9e-8949-9823a7928c30,tutpedlim
ef9569fa-9e09-472e-8c12-c67ac158815d,tutitzort
81be5b02-889c-4a11-8ca7-ee0fa692739f,tutgerhar
7473a9e7-c365-4fdb-9360-d6145a0364c7,tutcarmae
ca08d121-2e87-4063-9f13-cb3a7d8cf599,tutsamzúñ
b41f1019-cef1-4ac7-a8d5-4e4aacd73b2c,tutvirroy
f4d55e49-37ff-4153-9e17-19615dccda63,tutadegal
305f2737-9333-43e1-a1d2-21f61226ef75,tutjosmar
a9bf598f-295a-46d7-8232-6fa441fa23b9,tutariver
a3144818-ed35-4556-89a4-f5221790627f,tutgercha
c2356763-aa66-4520-b1bf-f918cb2e4b34,tutjosmar
21786e3c-0a73-424c-be5d-3b0414149a9f,tutfátgal
fc59b54a-d14c-4886-bd60-db87402f6458,tutnelher
d97cc843-f2ff-445b-bead-e152c854d63a,tutnadtél
b4b1b996-3d34-4da7-98fa-ce273f15038d,tutgermir
db3f6020-7318-4db0-857c-f5a2d370a9df,tutbeaesq
d4bbc71d-0577-4686-bf01-b83b380fd92d,tutmarcar
9e194e55-2201-482a-861f-6da1abb7e165,tutsocval
5898587e-5e10-4003-a8d0-5d639f90fce4,tutrencab
df62c273-a378-4ab3-adc7-a3a58b03c9d4,tutemioca
c55b606b-7010-4f26-8fa6-b27373d6c2f3,tutrubgal
2230e0dc-1d96-47c6-aca1-3318fa5ce5dd,tutjossot
20fa7b50-7c4c-4366-9ae0-426d3f46490b,tutpaozar
aff993c5-4b5e-45e5-ad47-064ba4e3fc16,tutjaqmat
d0a2dba4-a3f1-4212-be51-419e476d8ca7,tutjulroj
b340e54e-01b6-4be4-9cb2-3eb28f43802b,tutgremur
e6b738a7-6910-4cde-9080-6e9fb1bcc2aa,tutaletru
078ce125-49d9-417b-9013-5e08c9d668bd,tutaugmur
1bee9565-584f-48a3-8b50-c2078a21ef56,tutjormir
cfb76425-b144-4463-b119-3c7feedaf4e6,tutjoszav
918e7b31-6f47-4405-9693-79f0d7de57f0,tutdanare
9ecb3436-6363-4b85-aefb-01ba8b2d1148,tutwenare
7b609361-15ee-46fb-b124-022382a52281,tutoliroc
218e5624-dc0f-4fa5-b680-f901141c0501,tutfedbla
5d8deb31-315d-4bf0-8f8b-39413d9ddb2d,tutlouval
c9085109-c50c-4e08-bb95-67bec5470617,tutsannar
c64ce8ab-f9f4-4e2e-bd9a-5ef8efa77090,tutindmer
7a9db797-15a0-4422-bb8b-c5ed1664b56a,tutrosher
574b8417-0d95-4221-bb32-48a664028ffd,tutpordía
