Id,FirstName,LastName,Email,Password,DateOfBirth,LastChanges,EmailConfirmed
9c2e36de-b90d-4629-8246-6e0acc78a657,LUIS EDUARDO,PORTILLO ESPAÑA,luis.eduardo.portillo.españa@example.com,jfKWjF4g%fj!,1986-12-13,2024-06-16,0
d7839822-4c4c-4b3e-98e4-26ba51aec1b7,OSWALDO JOSE,OROZCO AREAS,oswaldo.jose.orozco.areas@example.com,rnI(w^5xeZIk,2002-05-10,2024-06-16,0
ed880219-6cd9-41b0-bf91-f393c81324ea,LUIS ESTUARDO,SARAVIA RAMIREZ,luis.estuardo.saravia.ramirez@example.com,9QfXLoTcrXr4,1959-03-14,2024-06-16,0
9725b427-d19f-421a-b466-52878fec34ce,LUIS MANUEL,SANDOVAL MENDOZA,luis.manuel.sandoval.mendoza@example.com,vZ^qrZnmYr4g,1960-10-23,2024-06-16,0
710b4c30-43f8-4305-8449-ac8084107795,CARLOS SALVADOR,GORDILLO GARCIA,carlos.salvador.gordillo.garcia@example.com,#$klJcBXQy9t,1968-01-09,2024-06-16,0
d776ca75-e9ff-4627-a5d9-dbed9c901c36,OMAR ENRIQUE,MEDRANO MENDEZ,omar.enrique.medrano.mendez@example.com,&%VN&)8g(rzM,1998-01-11,2024-06-16,0
2c0485b9-346d-4afc-9e66-444cbe69528b,JORGE MARCELO,IXQUIAC CABRERA,jorge.marcelo.ixquiac.cabrera@example.com,s7ah6Bmtojsy,1989-05-11,2024-06-16,0
bb822b24-1d8a-4a2f-9295-5cd29a6fbff8,DARIO FRANCISCO,LUCAS MAZARIEGOS,dario.francisco.lucas.mazariegos@example.com,TeAMIlQq3WkB,1988-01-11,2024-06-16,0
1ff80372-04a0-4332-8ff5-f12529aa9f40,DILMA YANET,MEJICANOS JOL,dilma.yanet.mejicanos.jol@example.com,j2ledi3eyaB%,1980-11-03,2024-06-16,0
186c3e1f-806a-4cbf-bd96-ec1df77f45a6,MARIO ESTUARDO,ARRIOLA AVILA,mario.estuardo.arriola.avila@example.com,f@E&Xh7$PRib,1986-12-13,2024-06-16,0
47fd087f-e7e2-43d5-91f2-00ec7544ea3e,NICOLAS DE JESUS,GUZMAN SAENZ,nicolas.de.jesus.guzman.saenz@example.com,Yje)coJF!0V@,1979-10-07,2024-06-16,0
819a7f8f-30a3-4713-a0c6-20d9e576838c,CARLOS ENRIQUE,PINTO ALONZO,carlos.enrique.pinto.alonzo@example.com,cqllfOI)u)VB,1973-10-03,2024-06-16,0
61311117-3bce-4f30-9633-86f9d9260a2f,ALEJANDRO,CASTAÑON LOPEZ,alejandro.castañon.lopez@example.com,q!aoBpL9rXa6,1983-11-30,2024-06-16,0
0fe6f17b-9f5b-4549-b9ba-acfdfce5773e,LUIS MARIANO,ALVAREZ MURALLES,luis.mariano.alvarez.muralles@example.com,G8UobtZhze22,1958-09-03,2024-06-16,0
79353c6e-cc58-4345-ac20-d62fd9afa370,MIGDALIA AZUCENA,DEL CID,migdalia.azucena.del.cid@example.com,lQ3KxayD^CJR,1988-04-19,2024-06-16,0
7371f4e4-9c3c-4e5c-a019-72bc2dc56705,FERNANDO AMILCAR,BOITON VELASQUEZ,fernando.amilcar.boiton.velasquez@example.com,dXoM^#8xy*Th,1991-07-21,2024-06-16,0
5ebc98d7-d7e9-4b27-97de-71d88d632a98,BRANDON EDEVAÍR,ESTRADA TARACENA,brandon.edevaír.estrada.taracena@example.com,cZT0mnlQUV@%,1965-09-15,2024-06-16,0
3bd06960-873d-486f-9d79-1f7b1319e1f6,PEDRO ROBERTO,MARTINEZ FUENTES,pedro.roberto.martinez.fuentes@example.com,E6crRkz2JEaN,1957-03-14,2024-06-16,0
e88f27e5-1371-4544-875f-e70ae4f2321e,ESTUARDO AUGUSTO,GARRIDO CHINCHILLA,estuardo.augusto.garrido.chinchilla@example.com,zyv38j!q7075,1995-10-30,2024-06-16,0
ebd160fa-0c8f-4c38-96a1-50c3dbc3ce72,JORGE ALEJANDRO,AREVALO VALDEZ,jorge.alejandro.arevalo.valdez@example.com,jUmoz(gJOGaM,2002-04-09,2024-06-16,0
fe96cd42-c4d3-4131-bc0f-e48cd5868319,LUIS MARTINOLY,GODINEZ OROZCO,luis.martinoly.godinez.orozco@example.com,9GGRy!2o$HlB,2000-03-14,2024-06-16,0
dc305af1-6d06-4ac2-96e4-8e48ea2b8886,MIGUEL,VENTURA PEREZ,miguel.ventura.perez@example.com,$Y1AAPVgK7jb,1970-04-13,2024-06-16,0
c6a96323-147b-46d7-a4e3-780f6aa31341,HILDA FABIOLA,ESPAÑA GIRÓN,hilda.fabiola.españa.girón@example.com,ik!E!yLm4Gkq,1968-02-12,2024-06-16,0
eb784942-5372-45ad-a149-40623367e3b0,VICTOR MANUEL,RUIZ HERNANDEZ,victor.manuel.ruiz.hernandez@example.com,(PKeGKijP%mn,1968-02-21,2024-06-16,0
a4679128-8148-4d6e-9390-4994b41f9361,JONATHAN ALEXANDER,AJBAL CHEGUEN,jonathan.alexander.ajbal.cheguen@example.com,Zpa)DA8Hyb4Q,1975-07-19,2024-06-16,0
d6c15859-324b-46e5-bba0-04f0d0286779,JORGE MIGUEL,MALDONADO ACEVEDO,jorge.miguel.maldonado.acevedo@example.com,g@vKdT8R)P6P,1966-03-29,2024-06-16,0
6df22222-fb0f-467d-a2e0-597967f37fa9,ANA MARÍA,NAVARRO OROZCO,ana.maría.navarro.orozco@example.com,CQeR6EYKRfcN,1994-03-22,2024-06-16,0
b5b9a44e-f56a-48ae-bfd2-d7d741e4d26d,EDGAR YANUARIO,LAJ HUN,edgar.yanuario.laj.hun@example.com,#rNZcQpne093,1987-06-18,2024-06-16,0
13facd52-33c8-49cf-a234-b15a626de211,JULIO ROLANDO,BARRIOS ARCHILA,julio.rolando.barrios.archila@example.com,FPgeY6ik9%LE,1956-07-07,2024-06-16,0
77e49a8e-fb62-4111-a09d-c1f3c74686b6,JORGE MARIO,SITAVI COS,jorge.mario.sitavi.cos@example.com,Ssa@ypu#sEK8,1958-10-15,2024-06-16,0
fa9ef865-956f-4333-8946-dd1a6ce7812c,CARLOS ALBERTO,NAVARRO FUENTES,carlos.alberto.navarro.fuentes@example.com,gbVf!M!DQ#O9,1975-11-20,2024-06-16,0
c0462873-0094-45a2-b69d-1e6facd443ba,MATILDE LUCRECIA,MARTINEZ AGUIRRE,matilde.lucrecia.martinez.aguirre@example.com,rlN)3xVX&WF8,1958-01-23,2024-06-16,0
86e21a6a-7579-4c44-bbf1-6f6b4d8d28fd,OTTO FERNANDO,ANDRINO GONZALEZ,otto.fernando.andrino.gonzalez@example.com,Mim#jqrDh&$q,1990-11-09,2024-06-16,0
b483d88e-b027-4ccf-9bb0-721688a4f1a2,CARLOS EDUARDO,GUZMAN SALAZAR,carlos.eduardo.guzman.salazar@example.com,E(zEXWLModv8,1975-06-07,2024-06-16,0
132ab09e-8d61-4de2-b161-b2e88871a16c,WENDY NORA,MIRANDA LOPEZ,wendy.nora.miranda.lopez@example.com,Holga#L)us*q,1965-08-17,2024-06-16,0
b756c5f6-6581-40e9-9fc9-bd85c0f3c1c3,HUGO LEONEL,TIUL VALENZUELA,hugo.leonel.tiul.valenzuela@example.com,^3(KwZjDyixg,2002-10-28,2024-06-16,0
f63130c3-6b84-4a4f-8969-f112734358a1,GUILLERMO ANTONIO,PUENTE ROMERO,guillermo.antonio.puente.romero@example.com,*3BHa!5qMG8B,1994-04-21,2024-06-16,0
f5b2df5b-170d-4b48-af3c-1d39fcc69aa8,CHRISTIAN ANTONIO,ORELLANA LÓPEZ,christian.antonio.orellana.lópez@example.com,Kv!n66T*)8Ve,2000-12-03,2024-06-16,0
a213f668-6bbc-48d7-83fe-3e941ec75b1c,LIGIA DEYANIRA,AGUILAR ESTRADA,ligia.deyanira.aguilar.estrada@example.com,jOZcgUIBgdcJ,1952-07-10,2024-06-16,0
902f9f37-3145-495a-9130-28da65e58f9e,HERBERT SAMUEL,FIGUEROA AVENDAÑO,herbert.samuel.figueroa.avendaño@example.com,lX8OFB)YvKus,1985-04-30,2024-06-16,0
4edbf2fd-5d39-428c-ae3c-cb5d621195e6,MERCEDES ESTHER,ROQUEL CHAVEZ,mercedes.esther.roquel.chavez@example.com,qxt8ddVNTRa&,1995-10-03,2024-06-16,0
08a1ed36-17f8-4240-81ca-1ed0d3e6d8a9,ERWIN MANUEL,ORTIZ CASTILLO,erwin.manuel.ortiz.castillo@example.com,%O3b13^r%32&,1984-10-24,2024-06-16,0
a54854db-fe7b-473e-99fd-b484209b5e40,CINTHYA PATRICIA,ORTIZ QUIROA,cinthya.patricia.ortiz.quiroa@example.com,VcGnfu(ihC^f,1951-05-04,2024-06-16,0
6c481cbe-ec19-4d82-90ea-7cb2300961f5,INGRID LORENA,BENITEZ PACHECO,ingrid.lorena.benitez.pacheco@example.com,qWe*vcJ9d1Ex,1953-04-27,2024-06-16,0
8b8f6dca-a13b-4dd3-ac0b-fc8a835aa85b,PABLO ENRIQUE,MORALES PANIAGUA,pablo.enrique.morales.paniagua@example.com,bH)tVafJ&F9h,1973-09-22,2024-06-16,0
4c3eac5a-1f71-4b8e-88a2-59314eb9bd27,HUGO LEONEL,RAMIREZ ORTIZ,hugo.leonel.ramirez.ortiz@example.com,*E8h2jd6p11c,1973-08-07,2024-06-16,0
2f571267-e0f8-40a7-b31b-6fc31fc6bfa2,MARIO ALBERTO,REYES CALDERÓN,mario.alberto.reyes.calderón@example.com,&Q7Oonn3Gnoa,2002-04-01,2024-06-16,0
61ac2812-0a0d-4403-9502-f688d2e90451,LUIS ALFREDO,ASTURIAS ZUNIGA,luis.alfredo.asturias.zuniga@example.com,@6*^8G^yS$Ed,2003-09-02,2024-06-16,0
2733ed8d-9144-43b4-9632-57faeb55dbf2,BYRON GIOVANNI,PALACIOS COLINDRES,byron.giovanni.palacios.colindres@example.com,i90KyX4GfaM^,1995-12-04,2024-06-16,0
ea537ef4-cca1-4b9f-9ebe-cf703dcedbd5,PABLO RODOLFO,ZUÑIGA RAMIREZ,pablo.rodolfo.zuñiga.ramirez@example.com,z&1VfTdvlHTb,1967-01-15,2024-06-16,0
2e9c059f-007e-4f08-8fc4-2e428eaa632c,LUIS EDUARDO,CORONADO NOJ,luis.eduardo.coronado.noj@example.com,hv7YdK(L%lOF,1971-01-13,2024-06-16,0
6a4ab71d-d641-4e49-99f8-30613fbd24d0,CARLOS ENRIQUE,CHICOL CABRERA,carlos.enrique.chicol.cabrera@example.com,PIT#Ut($EsxX,1961-04-11,2024-06-16,0
4477d91a-33b0-454a-a042-67d01cf6640d,FREDY MAURICIO,MONROY PERALTA,fredy.mauricio.monroy.peralta@example.com,q(5S5MQv(nLu,1956-02-06,2024-06-16,0
225f7e2e-6813-43f7-9c8f-2bda9fa3865e,JOSÉ RODRIGO DE,LEÓN VELÁSQUEZ,josé.rodrigo.de.león.velásquez@example.com,N3lN#!jT6n$7,1976-02-01,2024-06-16,0
c9779ddd-7458-4dbf-a8d3-1b086dda4a74,DIANA ORALIA,SALGUERO ESPANA,diana.oralia.salguero.espana@example.com,BizzxcDv#vJZ,1957-12-08,2024-06-16,0
08b1c870-d78b-417e-bc97-daf1e360ee46,ROGELIO ALFREDO SALAZAR,DE LEON,rogelio.alfredo.salazar.de.leon@example.com,GWfzL(dsS6el,1964-10-16,2024-06-16,0
749906fd-7b2d-4cd9-a631-0ee5958f9acc,EDUARDO MARTIN,RIVERA PÉREZ,eduardo.martin.rivera.pérez@example.com,orKDOx6uT!X7,1975-09-20,2024-06-16,0
c174af16-2288-422c-9b75-3f09579649eb,SORAYA DEL ROSARIO,MARTINEZ SUM,soraya.del.rosario.martinez.sum@example.com,C@qQJFh(8!Pa,1988-01-20,2024-06-16,0
5ca7d22e-f28a-4633-9e50-5ef452c3d95b,CARLOS LEONEL,MUÑOZ LEMUS,carlos.leonel.muñoz.lemus@example.com,NLGguqmeEdmF,1984-01-13,2024-06-16,0
75eca406-afc0-4ed4-afdb-2f258c1f10b2,ANA VELA,CASTRO MELLADO,ana.vela.castro.mellado@example.com,L7Oysf!GB5vG,1995-01-30,2024-06-16,0
dd342a4b-f7ed-4c82-b2fc-be12d215bf8b,HILDA MYRIAM MÉNDEZ CASTILLO,DE AVILA,hilda.myriam.méndez.castillo.de.avila@example.com,fv07bOATIyUC,1959-08-10,2024-06-16,0
a1113390-4a0e-4b80-987a-b8f8e49237a3,ALAN GIOVANI,COSILLO PINTO,alan.giovani.cosillo.pinto@example.com,N$QQh$%0FVQd,1986-12-15,2024-06-16,0
e1e17fc6-0ddb-460d-b626-6acd25be2662,JUAN ALBERTO,ORTIZ ESTURBAN,juan.alberto.ortiz.esturban@example.com,rgWK$qWbE$7B,1967-10-29,2024-06-16,0
6c515e10-4e73-49d3-be70-d998dbe33b84,ANDREA SUSANA,LÓPEZ RAMÍREZ,andrea.susana.lópez.ramírez@example.com,QN)BYWR9G*eV,1971-04-21,2024-06-16,0
e5978176-d6b3-4b97-8dd2-3c241e9daa9e,HERMAN IGOR,VELIZ LINARES,herman.igor.veliz.linares@example.com,rKED2wOd1Cj),1999-01-27,2024-06-16,0
957869f7-5fac-400d-bc6c-815e9ceaded9,RAMON BENJAMIN,PIEDRASANTA BATZ,ramon.benjamin.piedrasanta.batz@example.com,WAe7%8lzymC1,1958-12-30,2024-06-16,0
dc02f2b1-be59-4461-abe7-b7a9da5d50ad,GLENDA PATRICIA,GARCIA SORIA,glenda.patricia.garcia.soria@example.com,XoVzXclV$97x,1985-09-21,2024-06-16,0
ca3ddec6-f32c-4767-97a7-ccbe551aa1a3,ARTURO RODRIGO,SAMAYOA DARDON,arturo.rodrigo.samayoa.dardon@example.com,oEtT1J(AW1**,1965-07-18,2024-06-16,0
49c86dbb-f39d-443a-ba5c-e3823982799f,CARLOS ALBERTO,GARRIDO LOPEZ,carlos.alberto.garrido.lopez@example.com,jJWxuaFXShf@,1965-08-12,2024-06-16,0
1d0788ed-b17c-4910-b3f6-7fef6e03451b,ERICKA JOHANA,CANO DIAZ,ericka.johana.cano.diaz@example.com,W^jHXnX%0!#!,1990-05-22,2024-06-16,0
690bac9b-f188-43e5-84cf-c584b02f2420,JOSE ALFONSO,VELASQUEZ DIAZ,jose.alfonso.velasquez.diaz@example.com,qC!%LZHv^YYU,1951-12-07,2024-06-16,0
9484a585-a37d-4d52-b57c-fa7880575c7c,LUIS CARLOS,BOLANOS MENDEZ,luis.carlos.bolanos.mendez@example.com,bcKAjBaKSVm4,1951-01-05,2024-06-16,0
fe75869a-1b58-4720-9910-586e0e5c2810,OSWALDO ROMEO,ESCOBAR ALVAREZ,oswaldo.romeo.escobar.alvarez@example.com,v1IdG9kME4Jh,1956-07-18,2024-06-16,0
527f02d4-9497-4287-ad8c-033797e854bc,CARLOS ANTONIO,CAJAS VIDAURRE,carlos.antonio.cajas.vidaurre@example.com,F1BhitN80fwb,1960-05-12,2024-06-16,0
3cfa7327-aeb3-4e32-8207-7f1b55f098e1,WALTER GIOVANNI,ALVAREZ MARROQUIN,walter.giovanni.alvarez.marroquin@example.com,#OJPkF%8Dl(9,1976-11-30,2024-06-16,0
e3cb4865-6e53-4fae-89f5-e345b60c0ffa,INGRID SALOME RODRIGUEZ,DE LOUKOTA,ingrid.salome.rodriguez.de.loukota@example.com,uRBzJi8v%07U,1986-03-27,2024-06-16,0
6e710146-2d38-463c-b472-0e9116d48f83,JULIO CESAR,SOLARES PENATE,julio.cesar.solares.penate@example.com,b$lmM(lID@OO,1967-08-27,2024-06-16,0
7bed59b3-f481-442c-8a6d-169259514487,RAFAEL ENRIQUE,MORALES OCHOA,rafael.enrique.morales.ochoa@example.com,KUMQc44LRX9T,2000-10-21,2024-06-16,0
cb9ebeb8-c696-4167-88e1-8fd53e05b311,DENNIS SALVADOR,ARGUETA MAYORGA,dennis.salvador.argueta.mayorga@example.com,eJAFPuEvd%95,1962-02-28,2024-06-16,0
f6b70401-434a-47db-aaf3-3144fea4eeea,JESUS ALBERTO,GUZMAN POLANCO,jesus.alberto.guzman.polanco@example.com,wgP#8GH3nGYB,1969-06-10,2024-06-16,0
6c85ef57-43a8-4f86-9972-8ce03528ece0,WILLIAM SAMUEL,GUEVARA ORELLANA,william.samuel.guevara.orellana@example.com,aC*FRq9te8vv,1953-06-19,2024-06-16,0
818fa5da-3906-425d-ad92-93e38019a7cd,EDGAR RENE,ORNELIS HOIL,edgar.rene.ornelis.hoil@example.com,fOyboMwezr#x,2002-05-08,2024-06-16,0
2363c27a-54e4-4cb5-b0bf-425aae117810,YEFRY VALENTIN,ROSALES JUAREZ,yefry.valentin.rosales.juarez@example.com,f2M(hDQ81s1^,2002-06-15,2024-06-16,0
aa5e0bcf-100f-4276-a999-b7c5431b80e5,HUGO LEONEL,MONTENEGRO FRANCO,hugo.leonel.montenegro.franco@example.com,6R9ZcNrNuQHF,1986-01-25,2024-06-16,0
d0248b27-c18a-4785-bf73-54a8e616b8a2,FRANCISCO ABEN,ROSALES CEREZO,francisco.aben.rosales.cerezo@example.com,Pnn1i0K(ctjB,1973-01-23,2024-06-16,0
ce4c3c9c-a7e1-4084-b949-25e23dec2e58,CESAR ALFONSO,GARCIA GUERRA,cesar.alfonso.garcia.guerra@example.com,kBBP&o*6Ph)2,1971-03-21,2024-06-16,0
e04829a0-2b7a-4553-8e77-3e8ab35c677d,GERSON JOÉL,ORTEGA MORALES,gerson.joél.ortega.morales@example.com,)NrLLvL7^LBX,1986-11-09,2024-06-16,0
46e9356b-2660-4432-a561-b0107dec9464,ANA RUFINA,HERRERA SOTO,ana.rufina.herrera.soto@example.com,Eb$dIVLz1e3*,1997-12-14,2024-06-16,0
a209a1bb-fa85-4992-b6e8-f6f4011d3942,WILLIAM EDUARDO,FAGIANI CRUZ,william.eduardo.fagiani.cruz@example.com,uXKmE!D4)spj,1956-07-20,2024-06-16,0
dcb05f05-9403-4637-98bf-bd86c0fe0eee,JULIO DAVID,VARGAS GARCIA,julio.david.vargas.garcia@example.com,0%Y)WS9gdPF(,1987-12-24,2024-06-16,0
97452cea-f970-442b-bbb9-aac6d22890ac,ROBERTO,GUZMAN ORTIZ,roberto.guzman.ortiz@example.com,B!Jp6Rn$7dMs,1990-01-26,2024-06-16,0
902b28b2-25bf-439d-bbc1-505ce4e5c213,ORLANDO,POSADAS VALDEZ,orlando.posadas.valdez@example.com,It1NKwSTN%iF,1953-10-11,2024-06-16,0
839cce47-1509-48e1-84a5-fca3e972ff1e,JORGE EMILIO,GODINEZ LEMUS,jorge.emilio.godinez.lemus@example.com,DY#rJlZz)NsU,1987-04-12,2024-06-16,0
61b08b85-b7eb-419c-b50b-07961f51f71e,MANUEL GILBERTO,GALVAN ESTRADA,manuel.gilberto.galvan.estrada@example.com,PSW14BA*yYnO,1996-01-27,2024-06-16,0
ac40dc2a-730a-4be0-8802-3b8dbc17c3c9,CARLA DEYANIRA GORDILLO,DE MARCHENA,carla.deyanira.gordillo.de.marchena@example.com,HtLcP$&J5eiG,1950-12-02,2024-06-16,0
77b35933-d689-4db7-a82b-9db7822e80aa,AURELIA ANABELA,CORDOVA ESTRADA,aurelia.anabela.cordova.estrada@example.com,9OX4@T#7KnhD,1959-07-28,2024-06-16,0
11b249fe-b41f-4a30-8756-eb0043b49f00,MILTON LENIN,HERNANDEZ GONZALEZ,milton.lenin.hernandez.gonzalez@example.com,1f7yIrGQ)eBT,1966-04-22,2024-06-16,0
f7a5051b-b629-4bbb-9c75-2aa7de6a55fc,MILTON ALEXANDER,FUENTES OROZCO,milton.alexander.fuentes.orozco@example.com,toOZllR)LWbf,1956-12-24,2024-06-16,0
0c98c2f8-607d-4f0b-b590-219fd7dfeb20,HUGO LEONEL ALVARADO,DE LEON,hugo.leonel.alvarado.de.leon@example.com,wBXTWJ77^9!R,1955-07-30,2024-06-16,0
b6619361-05aa-4276-bf3f-bde8f6fed09b,YESSENIA JANIRA,MARROQUÍN MARTÍNEZ,yessenia.janira.marroquín.martínez@example.com,AKX1M1jGzR3V,2005-03-30,2024-06-16,0
68611545-dfb4-45e9-a087-f6d53e637fab,ALBERTO EULALIO,HERNANDEZ GARCIA,alberto.eulalio.hernandez.garcia@example.com,hqm(7@Unkodm,1984-05-02,2024-06-16,0
8042673c-6cb7-4e39-b4a4-c402972e29d3,JOSE ROLANDO,CHAVEZ SALAZAR,jose.rolando.chavez.salazar@example.com,bobKvB!gcI7I,1980-08-10,2024-06-16,0
61b188c3-754e-4ed0-b012-915ef997ded3,JULIO OSWALDO,ROJAS ARGUETA,julio.oswaldo.rojas.argueta@example.com,4mMx)hD&5AWg,1966-03-31,2024-06-16,0
dabb1ae6-4142-4378-9e81-908b6d527c0c,MARIA MARTHA WOLFORD E.,DE HERNANDEZ,maria.martha.wolford.e..de.hernandez@example.com,ifWA(@Tr2QXt,1994-09-29,2024-06-16,0
93cd6d1b-fe23-47a4-bf98-fdf61aad613e,LAURA ROSMERY,BRIONES ZELADA,laura.rosmery.briones.zelada@example.com,!BSBCpc&R17#,1950-02-06,2024-06-16,0
534d5e9a-9591-47df-b8f2-0a3500c27c47,EDWIN JOSUE,IXPATA REYES,edwin.josue.ixpata.reyes@example.com,)r$exp!416Uu,2001-07-29,2024-06-16,0
44c5ef57-1c71-4c34-94f7-9e0fbceb0fdd,ELMER DIONICIO,SUC CHOCOOJ,elmer.dionicio.suc.chocooj@example.com,CLYGnlJ7nBIh,1993-12-25,2024-06-16,0
53368fda-a416-4ddb-9ff4-37b1234f9070,YOCASTA IVANOBLA ORTIZ,DEL CID,yocasta.ivanobla.ortiz.del.cid@example.com,dB9#(C($W3zw,1954-11-22,2024-06-16,0
a75cfa8f-9480-4feb-a769-e43d4e9ce2ab,JOSE ANTONIO,CAMBARA GODOY,jose.antonio.cambara.godoy@example.com,^Idue(It@KtG,1956-09-21,2024-06-16,0
ddd02a6a-cff1-49f6-8d17-70e69f2f2972,RENATO ISAAC,RIVERA PEREZ,renato.isaac.rivera.perez@example.com,Tvh%k^w2LNJg,1977-02-13,2024-06-16,0
cb1c6b0c-6b07-479a-ae69-cf18ba7e0553,OSCAR APARICIO,SEGURA MONZON,oscar.aparicio.segura.monzon@example.com,(#lqC5MGhQte,1986-01-29,2024-06-16,0
a43f48ea-12e1-4d19-b189-20c39b6c05fd,MARIA ALEJANDRA,MA VILLATORO,maria.alejandra.ma.villatoro@example.com,$yh020U^!M*m,2003-07-29,2024-06-16,0
04d7e5ec-b448-4f72-b6e9-e204a8296943,NORA LEONOR,GARCIA TOBAR,nora.leonor.garcia.tobar@example.com,cdxiyioNQ%EI,1993-01-31,2024-06-16,0
04ea5b57-a0bd-46ea-81f8-8b15937eeeda,GUIPPSY JEANNIRA,MENENDEZ PEREZ,guippsy.jeannira.menendez.perez@example.com,8$6yFcQsz9Dg,1958-09-24,2024-06-16,0
3d3971d9-71c8-4fec-bd7a-6b0ea622b52c,JULIO ROBERTO,LUNA AROCHE,julio.roberto.luna.aroche@example.com,4qaLc(JAg$&J,1963-08-01,2024-06-16,0
4a33d37c-ce0c-4a97-8ce0-32d214762cf1,ALBA MARITZA,GUERRERO SPINOLA,alba.maritza.guerrero.spinola@example.com,yG9ptHKOEvlx,1974-01-20,2024-06-16,0
bfa33711-4626-4b6f-9b4c-2cf80de09e24,SURIEL CRISTINA,ABALLI HERWING,suriel.cristina.aballi.herwing@example.com,TVIHeZlksHPm,1995-10-03,2024-06-16,0
771a0a50-d684-4e7e-8ebd-86d08f59e171,MIGUEL ANGEL,CANCINOS RENDON,miguel.angel.cancinos.rendon@example.com,bprrC!8^DY66,1956-08-18,2024-06-16,0
1e28d1c5-9e3c-4f0f-9119-d0d790e52819,JORGE LUIS,ALVAREZ MEJIA,jorge.luis.alvarez.mejia@example.com,4OZR**wRlw*W,1960-03-30,2024-06-16,0
16ae433f-4903-478d-8523-861e70c6517a,CESAR AUGUSTO,FERNANDEZ CACERES,cesar.augusto.fernandez.caceres@example.com,cl&1I$kOKm(7,1963-09-27,2024-06-16,0
9952dd3b-d2ec-484e-91e0-9f5bc3bc9993,MAYRA VIRGINIA,CARVAJAL CASTILLO,mayra.virginia.carvajal.castillo@example.com,D8gLM*51Bt9r,1997-01-01,2024-06-16,0
679c23a8-6b74-4833-b1be-f944b2bc5602,CARLOS,GUSTAVO ALONZO,carlos.gustavo.alonzo@example.com,h8Z@b0hVu&LY,1976-06-22,2024-06-16,0
5652e44c-4854-42bf-a0d6-c063ff403bf0,LADY MARIEBELIA,ELIAS ESTRADA,lady.mariebelia.elias.estrada@example.com,aKA&OafavxzZ,1998-08-20,2024-06-16,0
af8ae3b3-d112-49c0-9ac5-56c0e963aba2,MANUEL HAROLDO,CASTILLO REYNA,manuel.haroldo.castillo.reyna@example.com,lYvYw!sxD^(C,1953-06-06,2024-06-16,0
62d66717-cabd-412e-96aa-04a084fd43d1,MARLON ANTONIO,PEREZ TURK,marlon.antonio.perez.turk@example.com,bhAhS&Hb&F0O,1978-10-17,2024-06-16,0
7ac2987f-8d37-40d2-98f4-1a49757f43b4,JUAN ALVARO,DIAZ ARDAVIN,juan.alvaro.diaz.ardavin@example.com,T#tup$uizFXc,1995-04-10,2024-06-16,0
7816bb49-167b-4719-a706-b03f07a8c3cc,OTTO AMILCAR,RODRIGUEZ ACOSTA,otto.amilcar.rodriguez.acosta@example.com,#oT(xG6HYvNn,1981-06-04,2024-06-16,0
8a57251f-8b76-4765-b7cf-c1b7913601c4,OTTO RENE,ESCOBAR LEIVA,otto.rene.escobar.leiva@example.com,Nv0E$09%L!ns,1951-01-28,2024-06-16,0
022bb590-52fa-4b47-990b-d21500ecba81,GABRIEL ALEJANDRO,DIAZ LOPEZ,gabriel.alejandro.diaz.lopez@example.com,oH*hj1XJ7HcE,2002-01-29,2024-06-16,0
01ca48d0-9360-467d-bdf0-b2808cc691d3,EVEREST DARWIN,MEDINILLA RODRIGUEZ,everest.darwin.medinilla.rodriguez@example.com,gg!c&OVCI(R@,1957-05-18,2024-06-16,0
fc2e1874-0197-46a2-9cf7-a55b73c17385,BAYRON WOSVELY,LOPEZ LOPEZ,bayron.wosvely.lopez.lopez@example.com,)*QFXmuTeaZo,1970-12-13,2024-06-16,0
11d016a2-a6b6-42ba-b67a-f9658e0db03c,CLAUDIA LICETH,ROJAS MORALES,claudia.liceth.rojas.morales@example.com,3l1tdAH9D97W,1986-12-10,2024-06-16,0
fb1bda28-663e-4680-82ea-0d4122cc68ed,FERNANDO JOSÉ,PAZ GONZÁLEZ,fernando.josé.paz.gonzález@example.com,FWJZ5^ddVYX%,2003-04-04,2024-06-16,0
4abd1a05-6070-48b4-901b-4a62f5caa0a5,VIRGINIA VICTORIA,TALA AYERDI,virginia.victoria.tala.ayerdi@example.com,C7^E6m$iNPt1,1975-04-07,2024-06-16,0
fe6c1664-3129-42ac-b344-a62b224ae51e,MANUEL FERNANDO,LOPEZ FERNANDEZ,manuel.fernando.lopez.fernandez@example.com,kMoXikcf#E)S,1981-07-20,2024-06-16,0
57455b6f-7f5a-4141-bfb3-421fc7f9eab2,LUIS ALBERTO,VETTORAZZI ESPANA,luis.alberto.vettorazzi.espana@example.com,dscHkjuocbLY,1994-09-11,2024-06-16,0
7c981928-de2e-47d9-951b-5171169bd175,CARLOS ALFREDO,AZURDIA MORALES,carlos.alfredo.azurdia.morales@example.com,B28Y2lNN4jD0,1991-10-27,2024-06-16,0
049943e3-5530-4676-bfb8-89a505cc1fc3,CARLOS AUGUSTO,MORALES SANTACRUZ,carlos.augusto.morales.santacruz@example.com,*0afZsCBoG#b,1950-03-06,2024-06-16,0
1a7c2684-f41e-4011-b71b-68d7d5af6be6,JOSE ALFREDO,GONZALEZ DIAZ,jose.alfredo.gonzalez.diaz@example.com,zM$UDq2*LjQZ,2001-11-21,2024-06-16,0
b575223a-d790-44b5-83a5-1b5475396bd2,LUIS FERNANDO,ESPINO BARRIOS,luis.fernando.espino.barrios@example.com,3f@Er*H2&$LV,1999-11-01,2024-06-16,0
294b4b4b-2b24-4b4e-9e04-dc028fbd748e,JORGE LUIS,PALACIOS PINTO,jorge.luis.palacios.pinto@example.com,DPiA29b)9F(5,1982-02-09,2024-06-16,0
79508bd2-107a-4127-802f-e66880a2ec8d,ANA PAOLA MÉNDEZ,DE LEÓN,ana.paola.méndez.de.león@example.com,P(RDr0C*ITTU,1989-03-05,2024-06-16,0
4c01d9d7-80b6-492e-aef2-0c0d2e0f9a80,GREYSI ILDOARA,CALDERON CHAY,greysi.ildoara.calderon.chay@example.com,DVEmDBqxWP^),1982-10-23,2024-06-16,0
42368390-b051-4da9-9711-11ef481c103d,FRANCISCO JAVIER,GONZALEZ LOPEZ,francisco.javier.gonzalez.lopez@example.com,u7yIcxemqUR0,1975-11-30,2024-06-16,0
5d4098a8-17a4-4dfd-8f67-933ee477f6ee,SIGRID ALITZA CALDERON,DE LEON,sigrid.alitza.calderon.de.leon@example.com,LNg9!oK0#0rq,1959-12-17,2024-06-16,0
6198afa7-b0c6-4a17-9a62-15a9f36c0d7f,KENNETH ISSUR,ESTRADA RUIZ,kenneth.issur.estrada.ruiz@example.com,e)*7r1W3WKSP,1961-12-19,2024-06-16,0
a8967be9-cde0-4250-8188-6be24a8e0f15,JOSÉ DANIEL,VELÁSQUEZ OROZCO,josé.daniel.velásquez.orozco@example.com,fY73!4$p%tPu,1979-06-13,2024-06-16,0
b9618c6c-16b6-4b74-b7ea-d9ef254d7c37,PEDRO ANTONIO,CASTRO CALDERÓN,pedro.antonio.castro.calderón@example.com,ONxQ&gzxS9VQ,1976-01-17,2024-06-16,0
de80fe1a-4213-43a6-b258-0bfe5b32f21d,DEREK,ESQUIVEL DÍAZ,derek.esquivel.díaz@example.com,ZMPBZVAQ#(7K,1982-12-11,2024-06-16,0
ef797e71-5be7-4ea7-aca0-d616f422ff15,DIEGO PABLO,PÉREZ ALVAREZ,diego.pablo.pérez.alvarez@example.com,G4FtcTfhL^4^,2003-09-29,2024-06-16,0
c4b87bd5-1fff-4d0a-bacf-f0b0b619708d,WALTER GUSTAVO,COTÍ XALIN,walter.gustavo.cotí.xalin@example.com,!I9C$z@sPPPI,1961-07-10,2024-06-16,0
dd3ef14e-ab68-4bbd-9991-1b6759313283,RODRIGO ALEJANDRO HERNÁNDEZ,DE LEÓN,rodrigo.alejandro.hernández.de.león@example.com,MmmOgNUeCW$*,1965-09-15,2024-06-16,0
6b6e1644-db89-4330-9b16-44c5a315d7d5,ANDREA MARÍA,CABRERA ROSITO,andrea.maría.cabrera.rosito@example.com,uTbCodh5cWFx,1995-05-05,2024-06-16,0
83f0886e-a045-4a56-abea-9c38d8f1d1dd,JOSÉ ANDRÉS,MONTENEGRO SANTOS,josé.andrés.montenegro.santos@example.com,n5eLvYjUlLdR,1978-07-18,2024-06-16,0
6ff47526-3a35-4d1c-8fca-77f29b7d6107,SERGIE DANIEL,ARIZANDIETA YOL,sergie.daniel.arizandieta.yol@example.com,hSrj6FTP2ZUB,1999-12-16,2024-06-16,0
69ec9c4f-2df1-4630-8ea6-3aff5c041304,EMILIANO JOSÉ ALEXANDER,VELÁSQUEZ NAJERA,emiliano.josé.alexander.velásquez.najera@example.com,dMi*dkJYXrS6,1954-02-07,2024-06-16,0
f1097fc1-e2b9-4803-80ab-6d9fe5624ceb,JORGE MARIO,CASTAÑEDA CRAGUA,jorge.mario.castañeda.cragua@example.com,6UiKyD2(5BO0,1951-11-06,2024-06-16,0
60d8969d-8f10-4ad9-b35b-a16123a141ae,OSCAR AUGUSTO,PEREZ TZUNUN,oscar.augusto.perez.tzunun@example.com,#lxqx)tZe&^o,1951-01-12,2024-06-16,0
95ae737a-c833-4c7d-9f95-cc08d71e76b0,DIEGO RENE,MOLINA ROLDAN,diego.rene.molina.roldan@example.com,9#&W#)csF8ia,1969-12-04,2024-06-16,0
cc891b82-e44c-446e-8fc8-bbabaefe76f3,HENRY RONELY,MENDOZA AGUILAR,henry.ronely.mendoza.aguilar@example.com,64%9YRWWS5U7,1983-02-28,2024-06-16,0
ee767fdf-899f-479c-9d7b-be958e59639e,BRANDON MAURICIO,NOJ ROMERO,brandon.mauricio.noj.romero@example.com,@dWX*MDiB)0l,1958-07-13,2024-06-16,0
50c14835-65a7-467f-9b91-fc28de74b570,CRISTIAN DANIEL,RAGUAY VICENTE,cristian.daniel.raguay.vicente@example.com,7(Sb1fWMlDw3,1998-12-24,2024-06-16,0
a1593616-aa8f-4ada-a7e2-b8f9bb8eb917,PABLO ANDRÉS,AXPUAC ARÉVALO,pablo.andrés.axpuac.arévalo@example.com,vZMmy1Dkkx9O,1976-10-05,2024-06-16,0
1374eb46-fee8-41d9-89aa-963c47c04b38,JOSE FERNANDO,ALVAREZ MORALES,jose.fernando.alvarez.morales@example.com,iDi!Pk5gR00*,1954-11-25,2024-06-16,0
bc82824e-272d-41e1-b325-0ec64fc6464d,JAVIER ALEJANDRO GUTIERREZ,DE LEÓN,javier.alejandro.gutierrez.de.león@example.com,X^TYlav(1MbO,2001-01-07,2024-06-16,0
b341e59d-0cac-4920-b133-f8d567467061,CARLOS ROBERTO,QUIXTÁN PÉREZ,carlos.roberto.quixtán.pérez@example.com,Y0ba4$Vm468A,1979-06-09,2024-06-16,0
3049b506-eed1-4f8a-a95c-6b34a1aff7bc,ERICK EDEN,SANDOVAL RAMIREZ,erick.eden.sandoval.ramirez@example.com,QoSLI5p(&T2E,1967-10-07,2024-06-16,0
b0c5e9f8-b32d-4a04-9e20-c493363dc63f,SAUL ABSALON,BARILLAS ARGUETA,saul.absalon.barillas.argueta@example.com,Atc5BQ3I!Yd@,1957-12-05,2024-06-16,0
290869f1-819e-477b-8fba-53ae49006e49,JOSÉ PABLO,TOBAR CARDONA,josé.pablo.tobar.cardona@example.com,aM%0%ENbMHA2,1952-04-24,2024-06-16,0
97c85ebe-8b0c-46c4-af9c-6c907b5e7a5d,MARIA MERCEDES,MONTERROSO LOPEZ,maria.mercedes.monterroso.lopez@example.com,VA(SUll7!Nhz,1980-08-20,2024-06-16,0
8982c362-9cb9-43aa-93fb-1d3aa810e9f9,GERSON ABSALON,ORTIZ CORONA,gerson.absalon.ortiz.corona@example.com,Y()ymp*AcY7#,2005-02-09,2024-06-16,0
bbd0131a-f942-45be-a960-76a3cf6750f0,VICTOR MANUEL,AVILA SARMIENTO,victor.manuel.avila.sarmiento@example.com,IyCCx2u6Dood,1975-03-10,2024-06-16,0
119139cc-868f-49e0-9c02-55c71e5b6623,BRIAN,JOSÉ JIMÉNEZ,brian.josé.jiménez@example.com,vU&YamzUNzpK,1963-09-04,2024-06-16,0
8d76eadd-deea-496e-8ee1-89b298462311,EMELY LORENA,CAMEY MARTINEZ,emely.lorena.camey.martinez@example.com,8Vagkn88a848,1981-01-22,2024-06-16,0
ed8c0ca9-4bc4-407e-af9f-7ebfff9aebfe,GLADYS MARÍA,ESTRADA QUINTANILLA,gladys.maría.estrada.quintanilla@example.com,I%taXwZ3%%0*,1989-07-18,2024-06-16,0
46287e00-e48f-480d-aab8-75f735fb6250,OWEN,TORRES RIVERA,owen.torres.rivera@example.com,DGYzGwr%g97y,1997-03-15,2024-06-16,0
5345eb78-8cee-49d7-a736-71a9feed103b,LUIS FELIPE,MENDOZA MORALES,luis.felipe.mendoza.morales@example.com,oUAF7nNLeVwO,1954-07-04,2024-06-16,0
cfe59e03-46a0-47e1-8a53-8ade59dd6b00,VICTOR HUGO,GARCIA ROQUE,victor.hugo.garcia.roque@example.com,!Lt45(pUbUNj,2002-04-09,2024-06-16,0
01eca2e0-7410-40fc-9acd-b13ee9f92b26,LUIS CARLOS ARDÓN DE,LA ROSA,luis.carlos.ardón.de.la.rosa@example.com,CZBu$y$SCY7p,1974-09-02,2024-06-16,0
21b3e6db-77f4-4003-85e9-2e1eae5f846d,JUAN CARLOS,GODINEZ OROZCO,juan.carlos.godinez.orozco@example.com,qpON2S$wmm93,1953-12-09,2024-06-16,0
ceb5b82d-04cc-411a-8033-97f941401435,JULIO CÉSAR,VILLATORO SANABRIA,julio.césar.villatoro.sanabria@example.com,qbQQ!aoWxlac,1986-08-25,2024-06-16,0
c2cd2404-1cf0-401c-b9c5-85fd816982dd,CAREN ELIZABETH,GARCÍA PÉREZ,caren.elizabeth.garcía.pérez@example.com,8BL#*joyJrZX,2004-12-19,2024-06-16,0
a465b087-71b3-4c17-8c07-16b52b70aec2,WALTER DODANIM,LÓPEZ GÓMEZ,walter.dodanim.lópez.gómez@example.com,%N7V(@l2EGGV,1995-07-11,2024-06-16,0
1bec8e72-8901-4340-9e0f-ad78a06d7d6e,CHRISTOFER WILLIAM,BORRAYO LÓPEZ,christofer.william.borrayo.lópez@example.com,@hRONN^69(yH,1997-03-26,2024-06-16,0
1c6a5473-cb21-4d76-a124-1020ea5abdc2,ILEANA GUISELA RALDA R.,DE ILLESCAS,ileana.guisela.ralda.r..de.illescas@example.com,p(O7%JGYr0*4,1966-02-17,2024-06-16,0
d53f35f0-efaf-4c2d-9020-8e8329cdfdde,OTTO LEONEL,SUÁREZ MOTA,otto.leonel.suárez.mota@example.com,kt07%o)g(Ta8,1965-02-17,2024-06-16,0
4682f81b-23b1-4241-8715-50e4f4d06a74,MARILYN CARIBEL,ROJAS MALDONADO,marilyn.caribel.rojas.maldonado@example.com,(S!9*mSxcks*,1993-01-30,2024-06-16,0
d6079ce4-4540-4d76-87fb-0919decf1ea4,ERIC JOSUE,JACOBS MAZARIEGOS,eric.josue.jacobs.mazariegos@example.com,f!PguU9Opf3E,1995-06-19,2024-06-16,0
fda3201b-df0a-4205-843e-678895a81fe2,EDWIN ADALBERTO,BRACAMONTE OROZCO,edwin.adalberto.bracamonte.orozco@example.com,@W#7fs$a%63A,1955-01-17,2024-06-16,0
5ba64cae-4ade-408b-8a9e-faebdb469c92,MAYRA REBECA GARCIA SORIA,DE SIERRA,mayra.rebeca.garcia.soria.de.sierra@example.com,MjRE*xa4jL(x,1983-01-25,2024-06-16,0
ed4623ac-4fe5-4fcc-becb-c05db75bc0b9,OSCAR,ARGUETA HERNANDEZ,oscar.argueta.hernandez@example.com,3yOkmZvw0zfJ,1979-06-01,2024-06-16,0
99ea3984-fa09-48dd-a555-b585ca96ac9f,GERSON RUBÉN QUIROA,DEL CID,gerson.rubén.quiroa.del.cid@example.com,I50waQgDfCZu,1984-04-08,2024-06-16,0
4826c271-bdd7-446a-9b63-0bc3d776eccd,JAVIER ANTONIO,CERÓN ROSALES,javier.antonio.cerón.rosales@example.com,FPnAMkmd#SmX,1956-07-05,2024-06-16,0
d8a3e8af-874c-43d9-b238-124f2b3165b6,ALEJANDRA MARISOL,RODRÍGUEZ MOYA,alejandra.marisol.rodríguez.moya@example.com,1qkM&1$Dw8s6,1981-04-22,2024-06-16,0
69b64cbc-e7c3-4d9a-9a79-ce62aa7abc3f,EVELYN CAROLINA,MORALES RUIZ,evelyn.carolina.morales.ruiz@example.com,3k#Z4XqrtAsK,1971-06-14,2024-06-16,0
1ee58f10-1689-4e85-b376-b1f22067d060,MIRIAM PATRICIA RUBIO CONTRERAS,DE AKU,miriam.patricia.rubio.contreras.de.aku@example.com,ALxXOP6imxTJ,1986-09-29,2024-06-16,0
90a44dbd-38ff-4310-a4b5-833e261f00cf,GERARDO,ORDONEZ,gerardo.ordonez@example.com,kN4i%5Q4WT4c,1983-06-18,2024-06-16,0
e4e31416-c2f8-41fc-a822-332fb42c92e6,BRYAN ALEJANDRO,CASTAÑON MARTINEZ,bryan.alejandro.castañon.martinez@example.com,(O^l8!V&36&y,1959-05-08,2024-06-16,0
a5412101-7d4a-4e2a-b7ba-092e1692e466,PAMELA CRISTINA,SIKAHALL URIZAR,pamela.cristina.sikahall.urizar@example.com,kjXz&%(#7xob,1959-08-03,2024-06-16,0
eeecf0ba-b4bd-4bbb-a518-332b07ad3001,VICTOR MANUEL,MONZON VALDEZ,victor.manuel.monzon.valdez@example.com,tKR5Uy$&G&)k,1977-09-22,2024-06-16,0
1eddccdc-2e41-404a-8bb1-5c5f0d684b0a,VIVIAN DAMARIS,CAMPOS GONZALEZ,vivian.damaris.campos.gonzalez@example.com,JuTmdrvx$e8h,1991-01-12,2024-06-16,0
c818589e-9765-476a-9dfa-b98aa75a4607,CHRISTA DEL ROSARIO CLASSON REHWOLDT,DE PINTO,christa.del.rosario.classon.rehwoldt.de.pinto@example.com,vaR8i)ZAK*Nx,2001-06-08,2024-06-16,0
70490bd9-838c-40d7-8763-83c9e7c7dcb2,SILVIO JOSE,RODRIGUEZ SERRANO,silvio.jose.rodriguez.serrano@example.com,WYfj1l(y@($p,1996-05-05,2024-06-16,0
90c5dfa6-09f5-43d1-9d2b-b69923044600,ENRIQUE ALEJANDRO,PINULA QUIÑONEZ,enrique.alejandro.pinula.quiñonez@example.com,SI%mRWsRcFqt,1970-09-28,2024-06-16,0
639c1bf5-1a0f-42fc-81db-07ea0181dd37,KEILA ESTEFANIA,TOMÁS REYES,keila.estefania.tomás.reyes@example.com,z@F0wF9!5OnZ,1978-04-19,2024-06-16,0
1e22f2fa-8a72-4c44-9f4f-9753aa0f4161,LUIS FELIPE,PEREZ URIAS,luis.felipe.perez.urias@example.com,egbCQ&4RJoVA,1995-06-06,2024-06-16,0
8f6e90c5-807b-45f7-8525-185da6b79209,FRANCISCO ALBERTO,NAVARRO OROZCO,francisco.alberto.navarro.orozco@example.com,O$8U4gba2!%U,2004-04-03,2024-06-16,0
a6f14dee-eabd-4796-b958-c28922a718d0,JOSE ALEJANDRO,ARRIAGA CARDONA,jose.alejandro.arriaga.cardona@example.com,%8TLi9tWgu%#,1998-03-06,2024-06-16,0
3758b509-0b38-4330-841a-98f2334bb3ca,ADELA MARIA,MARROQUIN GONZALEZ,adela.maria.marroquin.gonzalez@example.com,BriT4G881hhJ,1979-06-02,2024-06-16,0
aa94e8ff-8114-4f59-99d1-d2939c8d88c9,EMMETT,ECHEVERRIA VALENZUELA,emmett.echeverria.valenzuela@example.com,s*SUi94G@Lz!,1990-07-13,2024-06-16,0
3aafebc8-00db-4b87-b7e0-45f0d19fdbe1,LUIS DANIEL MELGAR,DE LEÓN,luis.daniel.melgar.de.león@example.com,!mysOL7aqgYr,1953-03-24,2024-06-16,0
5dc5afdd-b5c1-4d62-ad9c-16c7cbf3c003,ELMER ESTUARDO,TRIQUIZ SUCUQUÍ,elmer.estuardo.triquiz.sucuquí@example.com,0Q$62@v^X8^5,1992-05-10,2024-06-16,0
a46d56b7-b595-43f8-97f5-f601c242eb57,DANIEL ANTULIO,CAMEY MARTÍNEZ,daniel.antulio.camey.martínez@example.com,9R!$0iTTYDDv,1963-07-11,2024-06-16,0
bc4f6a85-f2f5-4747-803c-7084cb3b9b02,EDGAR RICARDO,GODOY SOLORZANO,edgar.ricardo.godoy.solorzano@example.com,iDbVeiDqYQue,1961-11-21,2024-06-16,0
caaf8e2e-73c9-485c-a4ef-1665ea6b5b53,DANILO,ESCOBAR CORONADO,danilo.escobar.coronado@example.com,$yiLF24Sj6cu,1953-06-29,2024-06-16,0
043384fa-bd17-4fea-9846-dcc34e978406,MONICA MARLENI,QUIÑONEZ ANDRADE,monica.marleni.quiñonez.andrade@example.com,)Yg!quDi7F&C,1977-06-13,2024-06-16,0
23fa52c8-973f-4706-9282-93f6a08d6395,EDGAR HAROLDO,TORRES SOTO,edgar.haroldo.torres.soto@example.com,0TDiysOfUP80,1983-03-24,2024-06-16,0
739b0299-058d-4e45-8782-d8592251a225,MARIO ENRIQUE,RIVERA GONZALEZ,mario.enrique.rivera.gonzalez@example.com,2xvZ@jTEKg%C,1969-11-26,2024-06-16,0
50e5fd7f-bf7c-49a8-b343-d3a093e8d99a,SHARONN PRYSCILA,PU MORALES,sharonn.pryscila.pu.morales@example.com,@9$)6u^vH9^F,1996-07-10,2024-06-16,0
d097841e-51d6-4752-a153-0bbef14c17f5,JOSE MARIA,SAQUIMUX CANASTUJ,jose.maria.saquimux.canastuj@example.com,AHcLZExMVj$q,2003-08-23,2024-06-16,0
b961e878-05f6-4862-bb9e-6488d691b74b,CESAR ARIEL,VILLELA RODAS,cesar.ariel.villela.rodas@example.com,2pXtyLo#%mVO,1970-12-25,2024-06-16,0
ea07f12c-b32a-4b75-8b99-3672da334a36,SILVIA CAROLINA,LEMUS CASTRO,silvia.carolina.lemus.castro@example.com,*T$))ff5IusI,1971-07-18,2024-06-16,0
98dca066-53ec-4c71-979d-b66e429edb46,JUAN ORLANDO,LOPEZ OROZCO,juan.orlando.lopez.orozco@example.com,7z8uL)t*oB!@,1981-01-09,2024-06-16,0
63b85f2a-48c7-4783-b515-5ab24d878ab9,RENALDO,GIRON ALVARADO,renaldo.giron.alvarado@example.com,!BKkII82CsR2,1968-01-27,2024-06-16,0
170543f9-58ab-45ba-85a8-fa6619d35b04,OTTO MIGUEL,HURTARTE HERNANDEZ,otto.miguel.hurtarte.hernandez@example.com,tm^%I1a@*MMd,1966-01-07,2024-06-16,0
cc7c5d02-3e43-4be0-b7e6-684803a0c34a,EDGAR FRANCISCO,RODAS ROBLEDO,edgar.francisco.rodas.robledo@example.com,StysQ4iN&T#k,1967-07-27,2024-06-16,0
ba204e59-31c0-4e92-b62b-2b6c9ed302e9,BERTHA ROXANDA MOLINA LEON,DE QUINTO,bertha.roxanda.molina.leon.de.quinto@example.com,Y9lqx6EXz&Ja,1950-03-08,2024-06-16,0
6e4ab184-18a2-47fd-a883-336d10c4d05c,SERGIO,ALEJANDRO RECINOS,sergio.alejandro.recinos@example.com,cT1I2n13gxtW,1972-12-11,2024-06-16,0
668e1a2b-7b71-466e-84ab-d6a1bb0f03c5,LIDIA VALENTINA,JÁCOME CUCÚ,lidia.valentina.jácome.cucú@example.com,#65A47n2wRDd,1997-01-28,2024-06-16,0
0f9ce926-f424-4c7a-badf-e08a06bf6ef8,ROCIO CAROLINA,MEDINA GALINDO,rocio.carolina.medina.galindo@example.com,&NbTELfu83Ea,1950-04-02,2024-06-16,0
57fb89b6-2417-4a8d-bff0-92ff59300da8,WILLIAM ESTUARDO,ESCOBAR ARGUETA,william.estuardo.escobar.argueta@example.com,5r!A^TwqH!8O,1996-08-24,2024-06-16,0
36b500d5-8926-41db-88b0-6e70588e03bd,ALVARO OBRAYAN,HERNÁNDEZ GARCÍA,alvaro.obrayan.hernández.garcía@example.com,j$2RJli$*t2M,1956-03-02,2024-06-16,0
b42e0cf6-0682-4214-96e2-6347f0461b49,LUIS ALBERTO,ARIAS SOLÓRZANO,luis.alberto.arias.solórzano@example.com,S&Dxae8AeG7i,1953-04-03,2024-06-16,0
ea7c1861-e533-472a-b5ec-5bccd6e1a155,JURGEN ANDONI,RAMIREZ RAMÍREZ,jurgen.andoni.ramirez.ramírez@example.com,Y$#NJWHHfd75,1998-06-06,2024-06-16,0
0e3326d9-c5ab-41a3-b876-e8f7b89ac03a,MARCO TULIO,ALDANA PRILLWITZ,marco.tulio.aldana.prillwitz@example.com,0hl$1F*XR!*$,1962-03-27,2024-06-16,0
e71af51d-1146-468f-bb20-b3277363b9b1,MIRNA IVONNE,ALDANA LARRAZABAL,mirna.ivonne.aldana.larrazabal@example.com,ZOJv#NmKb&mi,1969-06-05,2024-06-16,0
a6141965-477e-43a1-95f5-ee153b3c3129,FLORIZA FELIPA AVILA PESQUERA,DE MEDINILLA,floriza.felipa.avila.pesquera.de.medinilla@example.com,&%rfWgB^xvG$,1961-07-03,2024-06-16,0
7e004ed3-61e9-4832-82ea-270114612092,NEFTALI DE JESUS,CALDERON MENDEZ,neftali.de.jesus.calderon.mendez@example.com,tJABbtQ3Y6Rv,1978-08-17,2024-06-16,0
691c9b7a-82fc-487f-91af-aa3e0686d14e,EDGAR ESTUARDO,SANTOS SUTUJ,edgar.estuardo.santos.sutuj@example.com,P%P(Qq%TwZ25,1954-03-02,2024-06-16,0
4a7b4ac7-e368-461c-9d30-f1d203fd0c66,RENATO GIOVANNI,PONCIANO SANDOVAL,renato.giovanni.ponciano.sandoval@example.com,pu7Sqm4XIRz7,1990-11-02,2024-06-16,0
c2a0d7c2-351e-4c73-9028-02a40dad3c46,NORMA ILEANA,SARMIENTO ZECENA,norma.ileana.sarmiento.zecena@example.com,TAeHM!AfjeJc,1968-10-12,2024-06-16,0
026b4536-8aa7-4918-8558-3fc2041bc640,BRYAN GERARDO,PÁEZ MORALES,bryan.gerardo.páez.morales@example.com,UPc^my72(nDa,1993-06-12,2024-06-16,0
cd479896-294e-4937-9b87-6c1ff0ecd482,DANIEL REGINALDO,DUBÓN RODRÍGUEZ,daniel.reginaldo.dubón.rodríguez@example.com,gXRa@0crEDm1,1960-10-21,2024-06-16,0
e984c283-717e-48a5-923d-773b99713487,JOSUÉ RODOLFO,MORALES CASTILLO,josué.rodolfo.morales.castillo@example.com,OrT7C$qmUE#j,1951-11-05,2024-06-16,0
89ab4f08-18be-4fbb-835a-ab8ba3dc4ac7,JOSUÉ ALFREDO,GONZÁLEZ CAAL,josué.alfredo.gonzález.caal@example.com,4Dovh^bK(LuG,1955-07-20,2024-06-16,0
c41641f5-cf3f-45d2-a9c6-c3c1f33be2cd,CARLOS JAVIER,CASTRO GONZÁLEZ,carlos.javier.castro.gonzález@example.com,N(wKU58js0Jk,1984-04-26,2024-06-16,0
edb5f254-a666-4173-9821-8a81c892e34b,DANIEL ESTUARDO,CHICAS CARÍAS,daniel.estuardo.chicas.carías@example.com,B7aHcF0Mf)i#,1986-10-06,2024-06-16,0
98766b1f-9943-4bed-aaf3-1c7abe6a1a8a,EDIN EMANUEL,MONTENEGRO VASQUEZ,edin.emanuel.montenegro.vasquez@example.com,9sGqjPCr9VEA,1950-02-25,2024-06-16,0
45b5b90f-6d04-4e12-9afa-9834aedb0c27,ERWIN FERNANDO,VÁSQUEZ PEÑATE,erwin.fernando.vásquez.peñate@example.com,CiZvxLWo3x0&,1982-07-01,2024-06-16,0
441eeb9d-c705-45e1-a90f-782aa73a18fd,FABIAN ESTEBAN,REYNA JUÁREZ,fabian.esteban.reyna.juárez@example.com,4D2i#xW%sk@5,1990-01-07,2024-06-16,0
cf9d65f2-e43a-4dfa-b6d6-34cd4fe91307,CARLOS ANTONIO,VELASQUEZ CASTELLANOS,carlos.antonio.velasquez.castellanos@example.com,xVjlJcAepSkF,1991-03-02,2024-06-16,0
30aceb1e-6b72-4db1-8378-ecf2885f8a7f,ERICK JAVIER,BERNAL ORELLANA,erick.javier.bernal.orellana@example.com,7enRgcHS^rOp,2001-11-12,2024-06-16,0
17ec1e50-b663-4836-9a4d-7ab1d7ef8a4c,MADELINE ARIANA,PÉREZ QUIÑÓNEZ,madeline.ariana.pérez.quiñónez@example.com,xksGM^JLpB3e,1984-04-26,2024-06-16,0
212655af-b5ef-47e5-acc6-c0abb4b30bc7,JOSÉ ANDRES,RODAS ARRECIS,josé.andres.rodas.arrecis@example.com,VYeXKjIIIugP,1953-04-03,2024-06-16,0
81f0580f-41fa-4a04-bc45-db4c352da84e,JOHAN DANIEL,CHAN TOLEDO,johan.daniel.chan.toledo@example.com,5uB6d2#CVJrB,1974-01-03,2024-06-16,0
8e810b96-4a8c-4716-9a64-7ae4c3664726,LUIS ENRIQUE,RIVERA NAJERA,luis.enrique.rivera.najera@example.com,KCx&PLh8NUDU,1990-10-11,2024-06-16,0
9c34f584-9833-4eb2-9c3b-bf064966d8f1,CARLOS ROBERTO,RANGEL CASTILLO,carlos.roberto.rangel.castillo@example.com,c2w$aJBTKWTC,2001-03-11,2024-06-16,0
26ab856e-e83a-4acf-8f57-8bf6325f98cf,BRIAN ENRIQUE,CHICOL MORALES,brian.enrique.chicol.morales@example.com,85^wXZu7X%vv,1994-07-05,2024-06-16,0
7d7f87b4-b331-40f5-8855-dc3f8fbe0003,CESAR ABIGAIL,GARCIA NAJERA,cesar.abigail.garcia.najera@example.com,LRuMYutZ#FSj,1974-03-28,2024-06-16,0
9a4b88b0-136b-4272-8c05-00cf354120e9,LESBIA CAROLINA,CARRANZA ESCOBAR,lesbia.carolina.carranza.escobar@example.com,W9BVSIWeofCT,1983-08-30,2024-06-16,0
9d143c24-f9fb-4af5-bcb5-b63439e4c2b1,DAVID ESTUARDO,MORALES AJCOT,david.estuardo.morales.ajcot@example.com,@!ybY0Q(MXv@,1957-06-11,2024-06-16,0
eec9e2f6-9781-4185-85d4-3fa86cd8a4ea,FRANCISCO MAGDIEL,ASICONA MATEO,francisco.magdiel.asicona.mateo@example.com,%k8O0pAhBeKs,1977-10-08,2024-06-16,0
3857bc4c-5bef-43e3-afe4-8a783fb08e21,CLAUDIA CECILIA CONTRERAS FOLGAR,DE ALFARO,claudia.cecilia.contreras.folgar.de.alfaro@example.com,2l8^^cncRC!9,1998-05-27,2024-06-16,0
b274b99f-4cad-4e0d-bbd2-4542099d21fb,CALIXTO SANTIAGO,MONTEAGUDO CORDERO,calixto.santiago.monteagudo.cordero@example.com,Wz%vbX(rLPm0,1991-03-05,2024-06-16,0
ff77f058-fbaa-407d-895f-fa2629ab6d3d,BYRON RENE,AGUILAR UCK,byron.rene.aguilar.uck@example.com,h4ONsiSnhsFU,1964-09-22,2024-06-16,0
ca0c9ae1-c8c3-4974-97cb-118d11856be6,ZULMA KARINA,AGUIRRE ORDONEZ,zulma.karina.aguirre.ordonez@example.com,FaVk&F(BNRLe,1988-09-04,2024-06-16,0
98335480-ad7a-48fb-80b0-2dad44dc448d,JAIME HUMBERTO,BATTEN ESQUIVEL,jaime.humberto.batten.esquivel@example.com,etoSh6irrJKV,1965-01-08,2024-06-16,0
1343c22d-bb42-41e0-bb72-634e3d4501e3,ELDER ANIBAL,PUM ROJAS,elder.anibal.pum.rojas@example.com,Rkk3pWUYuqr5,1996-04-20,2024-06-16,0
ba72b289-e24a-4911-aff3-436f765ef617,WENDY MARISOL,OROZCO MIRANDA,wendy.marisol.orozco.miranda@example.com,pf(EEHJ$MfpF,1998-04-26,2024-06-16,0
f45d5aca-6d50-403c-a93e-75bd25f70061,JOSÉ EDUARDO,PAREDES SOLÍS,josé.eduardo.paredes.solís@example.com,ptuT1rLKIk6g,1952-02-17,2024-06-16,0
d96a862f-f6ca-43a8-8270-20c263e84486,MYNOR DAVID,RAMÍREZ ORELLANA,mynor.david.ramírez.orellana@example.com,A)$ANZZdm2AJ,1990-09-09,2024-06-16,0
f3bd2812-7751-4600-a27f-2f7508f0be2a,ANGEL DANIEL,CHAMALÉ PÉREZ,angel.daniel.chamalé.pérez@example.com,IkdwWd**rNXk,1971-03-06,2024-06-16,0
b0c5eac8-7d33-4f21-b2bb-c6c21bc27170,NATHALY ALEJANDRA,DELIO VÁSQUEZ,nathaly.alejandra.delio.vásquez@example.com,pWyW)nyXU2t4,1978-09-17,2024-06-16,0
6dbd1e30-1b9a-49a5-b3ac-23d78e5245c0,LUIS ROBERTO,CABRERA LORENZO,luis.roberto.cabrera.lorenzo@example.com,3j#Ps^x4)znl,1996-12-08,2024-06-16,0
8da8cd4d-84dd-4ed3-af25-f73277aec070,DANIEL ALEJANDRO,JUNGER GUIROLA,daniel.alejandro.junger.guirola@example.com,eCCYiPkooEar,1951-09-27,2024-06-16,0
a65eda91-a842-410b-a81f-6db95022ede4,LINDA GABRIELA,PAZ LINARES,linda.gabriela.paz.linares@example.com,dBx0Bd*!%kyF,1960-11-17,2024-06-16,0
a4f94046-e78e-4472-9b0b-09cda21da02f,CARLOS ALFREDO,CATALÁN ESCOBAR,carlos.alfredo.catalán.escobar@example.com,J40szZ!#D@Oa,1950-04-09,2024-06-16,0
71f28203-9020-4d05-a9a1-5919b41db7cf,INGRID MARISOL,FLORES ESTRADA,ingrid.marisol.flores.estrada@example.com,@hGrHKU6TwQt,1980-10-18,2024-06-16,0
ac359c1a-6366-4e55-8dfc-404bd5c60d57,ALLEN EDUARDO,RAMIREZ TOLEDO,allen.eduardo.ramirez.toledo@example.com,dNNjgFPy!@4a,1989-02-27,2024-06-16,0
fd25cfeb-ee6c-41f0-ac83-609ceaee694f,MARIO RENE DE,LEON GARCIA,mario.rene.de.leon.garcia@example.com,RoUpH^xOoirK,1999-02-04,2024-06-16,0
ad425ba7-77dd-4c23-a5d1-8829723ed726,FRANCISCO JAVIER,GARCIA FLORES,francisco.javier.garcia.flores@example.com,7%s(OMGpx6NS,1981-12-30,2024-06-16,0
c249c745-4d1e-4bdd-afce-cc77482f27f3,MOISES EDUARDO,VELASQUEZ OLIVA,moises.eduardo.velasquez.oliva@example.com,wM@A!d0&KYH3,1960-11-22,2024-06-16,0
896accf1-99ca-43c1-827e-8ef90db33767,JOSE MANUEL,RUIZ JUAREZ,jose.manuel.ruiz.juarez@example.com,fGZfB2y20kyw,1988-11-19,2024-06-16,0
0366c23c-450a-4d71-b09a-c5973ed8425c,OSCAR ALEJANDRO,PAZ CAMPOS,oscar.alejandro.paz.campos@example.com,5o*1@@wuK6NI,1983-09-10,2024-06-16,0
27943f1f-523f-4cc9-8068-b41c1a7c7a68,KEVIN ADIEL,LAJPOP AJPACAJA,kevin.adiel.lajpop.ajpacaja@example.com,GCUa&I3Ya209,2005-03-01,2024-06-16,0
7be69b78-31a6-4267-9dbb-841ef96f532b,DAVID AUGUSTO,MALDONADO HURTARTE,david.augusto.maldonado.hurtarte@example.com,0r!Ee9tdwm**,1960-08-27,2024-06-16,0
4ef5edaf-208c-4c0c-abf7-c2ebb5834aad,PAULA GABRIELA,GARCÍA REINOSO,paula.gabriela.garcía.reinoso@example.com,PEZhNZNXFCHx,1968-04-19,2024-06-16,0
7bbfa5d5-e21d-4106-b03a-954d24aa6fc8,KEVIN STEVE,MARTINEZ LEMUS,kevin.steve.martinez.lemus@example.com,IkxyLXPOiEMj,1976-02-20,2024-06-16,0
3afb1366-0dfa-4ec2-a19e-ca7d6a6e56fa,ALLEN GIANKARLO,ROMÁN VÁSQUEZ,allen.giankarlo.román.vásquez@example.com,Wzj$4x6)SCSi,1989-08-25,2024-06-16,0
cad163d4-d505-4228-a435-7c68d353ba01,CARLOS DANIEL,ACABAL PÉREZ,carlos.daniel.acabal.pérez@example.com,jEmilc)KU%BP,1972-03-10,2024-06-16,0
2fbfc8dd-14cc-40b0-8a1f-eb04490221bf,BRAYAN HAMLLELO ESTEVEM,PRADO MARROQUÍN,brayan.hamllelo.estevem.prado.marroquín@example.com,8o$EAMmOSrQ%,1973-01-24,2024-06-16,0
3ce5ad36-8b3b-4580-9912-958e501f9768,RODOLFO ESTUARDO,QUIROA MELENDRES,rodolfo.estuardo.quiroa.melendres@example.com,ZqORz24%jiTT,1971-10-20,2024-06-16,0
8d4cb6cf-8223-4352-815e-8184c351b283,MÁDELYN ZUSETH,PÉREZ ROSALES,mádelyn.zuseth.pérez.rosales@example.com,Qxtd1)g0&#Wm,1997-05-16,2024-06-16,0
a3502c76-eba5-49ea-ba71-a74e2c5687c3,JOSE ADOLFO,TUNA AGUILAR,jose.adolfo.tuna.aguilar@example.com,rOybk4APyXPB,1975-02-23,2024-06-16,0
674b382c-c4df-4412-aa7d-c91a9f33c0ff,WILSON ANDONI,MENDOZA PETZEY,wilson.andoni.mendoza.petzey@example.com,Qm)uvzMt%%4i,1968-04-18,2024-06-16,0
b2a3254d-21f6-4882-8d7e-d83c09e7898b,KIMBERLEE MELISSA,HERNANDEZ BOBADILLA,kimberlee.melissa.hernandez.bobadilla@example.com,@LStQGvgJ8PG,1958-04-15,2024-06-16,0
6e382bab-5330-4b56-9c74-8de742e055b7,JULIO RICARDO,DIAZ PAPPA,julio.ricardo.diaz.pappa@example.com,$lq(nzD1ze)A,1963-11-26,2024-06-16,0
a5149863-623e-45db-a012-f93f22148ef3,CARLOS ENRIQUE,GÓMEZ DONIS,carlos.enrique.gómez.donis@example.com,sHK0V3JJ%Wzm,1989-10-14,2024-06-16,0
b5aa9b40-e26d-4e20-a9fe-152fbcec3730,NOEL JOEL,GRAMAJO MONTERROSO,noel.joel.gramajo.monterroso@example.com,T!&FcLPWPur(,1984-10-24,2024-06-16,0
bc712c95-b7fa-4ac6-945e-f9afd9946544,ANGEL ROBERTO,SIC GARCIA,angel.roberto.sic.garcia@example.com,LsPcS$tZ@h8!,1973-06-25,2024-06-16,0
df5032ba-1302-4a6e-b394-1d739d5d1873,CASTA PETRONA,ZECENA ZECENA,casta.petrona.zecena.zecena@example.com,SU!huckM%aBz,1954-02-26,2024-06-16,0
00e6ae04-8ec9-40fb-8fac-a022433be2a9,DIEGO ISRAEL,NAVARRO GODINEZ,diego.israel.navarro.godinez@example.com,*%fXYa$W3hmE,1987-04-23,2024-06-16,0
fbe795a0-b2bc-4c2f-aff2-fca9ad25efbc,SERGIO LEONEL,GOMEZ BRAVO,sergio.leonel.gomez.bravo@example.com,5MRu*7q2yi%j,1990-05-11,2024-06-16,0
06e1a4a7-6f2b-4ee4-9a97-ee22d2e15e62,ESTEBAN HUMBERTO,VALDEZ ENNATI,esteban.humberto.valdez.ennati@example.com,AexACgwkGYd$,1978-12-21,2024-06-16,0
5ce1310d-dab5-4cc4-9851-1d9aa2baaec1,ANDRES EDUARDO,PONTAZA MURALLES,andres.eduardo.pontaza.muralles@example.com,pAmZYKGF5YTV,1975-03-22,2024-06-16,0
5be98e52-93da-4293-8590-506863e91429,EDDY JOSUE,SOLARES ESPINOZA,eddy.josue.solares.espinoza@example.com,I(h^!FtYbPj1,1964-11-22,2024-06-16,0
534fba15-82fc-4c57-ae1a-c5798966887a,TONY YOBANY,BARRERA DONIS,tony.yobany.barrera.donis@example.com,w#hRSkGg^Crx,1970-01-15,2024-06-16,0
9955cdf9-df2b-4beb-b04c-13fa10bb402d,NATALIE GIULIANA,ECHEVERRIA CHANG,natalie.giuliana.echeverria.chang@example.com,nfL0EHBa$HbH,1985-06-21,2024-06-16,0
0e0dc3b0-39a9-41f7-9ef9-17e2697282ef,TANNIA MAGALY DE,LEON MORAN,tannia.magaly.de.leon.moran@example.com,frjfps2x3Iry,1965-11-23,2024-06-16,0
c1f8b920-8a80-4eaa-a2b0-e13d32f0be28,MAYRA VICTORIA,VALENCIA CARDOZA,mayra.victoria.valencia.cardoza@example.com,zUYW$zt8EVrs,2003-01-18,2024-06-16,0
05626139-78d2-4e86-b21a-197fbdfbdbe3,GUSTAVO ADOLFO,SANTOS OROZCO,gustavo.adolfo.santos.orozco@example.com,@$E7Vnwr4NxY,1973-09-21,2024-06-16,0
36bec22e-7116-4fbf-a880-99892d119977,CARLOS ALFREDO,ANGULO HUERGO,carlos.alfredo.angulo.huergo@example.com,E$nd$Vb3snbo,1953-08-25,2024-06-16,0
c4588dcc-960e-4a59-8491-7e8772e4e3e1,DOUGLAS KENEDY,ROMAN AVILA,douglas.kenedy.roman.avila@example.com,Fdj(f9GTOK7^,1959-06-05,2024-06-16,0
bcfab3fc-75f9-4190-ad32-21e02f7b7b6b,CARLOS ANIBAL,CHICOJAY COLOMA,carlos.anibal.chicojay.coloma@example.com,Mym^zIkdr4&6,1968-03-07,2024-06-16,0
bb783c59-0c8f-4d38-b3c0-9e8f0a2459ed,RODRIGO ANTONIO PORÓN,DE LEÓN,rodrigo.antonio.porón.de.león@example.com,R8H#%)b$XN#4,1966-10-01,2024-06-16,0
ccb24f20-db71-45e4-86e3-f9e6d01ba6f6,EDGAR GAMALIEL DE,LEON HERNANDEZ,edgar.gamaliel.de.leon.hernandez@example.com,)E3J%0lS9DMY,1996-06-11,2024-06-16,0
77436168-aa89-41e8-a0c9-9db511d35b4c,RONAL NOE,GALVEZ GARCIA,ronal.noe.galvez.garcia@example.com,qd)9OA*&FJlq,1987-04-13,2024-06-16,0
264f4b80-548e-44b0-a274-a1132e76ee48,MYNOR ALEJANDRO,CIFUENTES VELÁSQUEZ,mynor.alejandro.cifuentes.velásquez@example.com,6J@YLNqO^PzC,1959-01-04,2024-06-16,0
4c312871-b030-4225-9466-a24c5dd41bff,BRYAN ESTUARDO,LÓPEZ SEGURA,bryan.estuardo.lópez.segura@example.com,s0ey4Js!!wQW,1986-10-31,2024-06-16,0
6cf15aba-320f-4ec9-be0d-5863554daebb,MARIA ROSA,OVANDO ILLESCAS,maria.rosa.ovando.illescas@example.com,VFBjz1)5uORM,1960-05-12,2024-06-16,0
1f0f73f2-45d8-4f60-8d9c-64c2293f7da4,ERICKA NATHALIE,LOPEZ TORRES,ericka.nathalie.lopez.torres@example.com,L(NqKYlzfc83,1957-04-01,2024-06-16,0
86dc6f3e-01de-449f-ad67-625e72a211d7,DENNIS STANLEY,BARRIOS GONZALEZ,dennis.stanley.barrios.gonzalez@example.com,DVhYf9F%KceG,1967-10-08,2024-06-16,0
b2bdd70c-ebd5-4b6b-8b40-f6d8ecb1d68c,CRISTOBAL MARDOQUEO,ARRIOLA MAIREN,cristobal.mardoqueo.arriola.mairen@example.com,(yA1Z24otkrY,1992-10-16,2024-06-16,0
e34ccd7d-e0a5-46cb-b815-e06fbd920c4f,MILDRED CATALINA,HERNANDEZ ROLDAN,mildred.catalina.hernandez.roldan@example.com,22fiqg!#1vE(,1962-09-16,2024-06-16,0
2307fb24-14b0-46b5-9137-2b9cd38f9485,ALEJANDRO,ESTRADA MARTINEZ,alejandro.estrada.martinez@example.com,jXfM5p)V!gip,1968-08-30,2024-06-16,0
f6c7ae02-2184-4e61-9449-88e1305e7a11,HELEN ROCIO,RAMIREZ LUCAS,helen.rocio.ramirez.lucas@example.com,p5o*EhyGQ8gs,1955-01-09,2024-06-16,0
0f247c0a-8adb-476c-b8fe-a26cd5522ff4,NERY AMILCAR,MEJIA GODINEZ,nery.amilcar.mejia.godinez@example.com,&3oVEqin@Yft,1989-08-21,2024-06-16,0
fce23ee7-0f11-432e-84a7-b0b82c2a6380,EDWIN ESTUARDO,SARCEÑO ZEPEDA,edwin.estuardo.sarceño.zepeda@example.com,Pr74!9CclbGI,1994-02-19,2024-06-16,0
84000cd3-9766-4d9b-9764-abff8ecb08c2,AYESER CRISTIÁN,OXLAJ JUAREZ,ayeser.cristián.oxlaj.juarez@example.com,WM9%1va84h(6,1970-09-03,2024-06-16,0
42d0a0f1-de81-430a-a90c-abbed079503a,LUIS,ALBERTO BAUTISTA,luis.alberto.bautista@example.com,LyAvV^$GPu6v,1983-10-24,2024-06-16,0
660a3486-8a8c-4649-848b-33f88ca56e15,ANGELICA BECILIA,PACHECO MAZARIEGOS,angelica.becilia.pacheco.mazariegos@example.com,N2QRXabV1#L),1990-06-18,2024-06-16,0
1b73c6ca-dd31-495f-9cb5-591495bf9a49,KEVIN MOISES ALESSANDRO,LÓPEZ ORANTES,kevin.moises.alessandro.lópez.orantes@example.com,1DQ4ZqPfxsCM,1960-07-26,2024-06-16,0
104398c2-f354-4079-bbd9-0184946abbc7,BAYRON ARMANDO,CUYAN CULAJAY,bayron.armando.cuyan.culajay@example.com,D%qxQLi21qT!,1983-03-28,2024-06-16,0
658fb49a-6170-41f4-acbb-172ede77583b,JORGE GILBERTO,GONZALEZ PADILLA,jorge.gilberto.gonzalez.padilla@example.com,#(((B1ojo9*#,1972-12-08,2024-06-16,0
b137d2a3-0f3e-495d-ad5f-89c3a5a13373,LUIS ARIEL,ROSALES RUIZ,luis.ariel.rosales.ruiz@example.com,n2YZhM@xpU(l,1967-03-27,2024-06-16,0
b3bab101-a3fa-4669-a841-00b4ba4c8ca0,SILVIA PATRICIA,HURTARTE HERNANDEZ,silvia.patricia.hurtarte.hernandez@example.com,*Mm9h5hqUm2C,1963-07-19,2024-06-16,0
ea51e0ac-edb9-4b42-bf64-cd4c6d06a8e4,EMILIO VLADIMIR,LUX MONROY,emilio.vladimir.lux.monroy@example.com,g2Ace@6Y6nOJ,1989-04-29,2024-06-16,0
1c89730d-d097-4657-9540-d372e68e9838,FEDERICO DAVID,ZET PAJOC,federico.david.zet.pajoc@example.com,1$Ag6e9(%vnb,1997-08-10,2024-06-16,0
4a99834e-072c-4f02-846e-88bea4a3ad70,JAIME DOMINGO,CARRANZA GONZALEZ,jaime.domingo.carranza.gonzalez@example.com,onW@aW8fJaJM,1976-02-25,2024-06-16,0
02416459-9ae5-4bb1-aba3-6a433393918e,JOSE ALBERTO,BOY PIEDRASANTA,jose.alberto.boy.piedrasanta@example.com,ff^DY6Es#)5^,1955-09-09,2024-06-16,0
6cea8f67-aeb8-4108-b1bf-5e4b8fbd0ae2,AMAHAN,SANCHEZ ALVAREZ,amahan.sanchez.alvarez@example.com,2YAZvL%757Og,1999-05-15,2024-06-16,0
b8289372-61be-4036-8668-60d3f46bb37e,RODOLFO ALEXANDER RAMOS,DE LEÓN,rodolfo.alexander.ramos.de.león@example.com,0ziUSlIaq)dj,1976-10-19,2024-06-16,0
d30b842a-c88e-4d40-9eef-d4b606aa79af,PEDRO RAFAEL,MORAN ARAGON,pedro.rafael.moran.aragon@example.com,rN5gZR81M6$M,1968-11-17,2024-06-16,0
ac96d75e-7b5f-4d65-acbb-b6bb5e32d000,FRANCISCO BERNARDO R DE,LA ROSA,francisco.bernardo.r.de.la.rosa@example.com,sHLBj207MUys,1995-02-28,2024-06-16,0
656830bf-74a9-4982-82ee-978e9836914e,DENNIS ANDRÉ,GONZÁLEZ FLORES,dennis.andré.gonzález.flores@example.com,Hq6^HdUB*M8W,1999-05-20,2024-06-16,0
7c7aa0f8-74d1-41cc-9db9-330645a72d0d,JOSE RICARDO DE,LEON SOLIS,jose.ricardo.de.leon.solis@example.com,qn@&3oQN3*GQ,1959-01-05,2024-06-16,0
d8554dc2-0783-41e7-8045-1ea922364c4f,SINDY MASSIEL,GODINEZ BAUTISTA,sindy.massiel.godinez.bautista@example.com,jMR3xQLf%n!P,1956-03-19,2024-06-16,0
66cc13f4-2d38-47d8-9e5a-8e9bad4ce8d2,KENNETH LUBECK,CORADO ESQUIVEL,kenneth.lubeck.corado.esquivel@example.com,dMdqJ1tPlus8,1978-04-10,2024-06-16,0
d59ddaa5-5840-4a9b-83e9-310ed20345d3,MAYRA VIRGINIA,CASTILLO MONTES,mayra.virginia.castillo.montes@example.com,qG3k&Vrztu7r,1978-12-23,2024-06-16,0
9188ab7d-8d37-4aef-883d-d824a4fb51cf,GABRIEL ESTUARDO,SOLÓRZANO CASTELLANOS,gabriel.estuardo.solórzano.castellanos@example.com,ptHt%p!xkGu0,1998-01-25,2024-06-16,0
db42bceb-fb57-4eb9-b5f0-a74bbc2cfdb1,TELMA MARICELA,CANO MORALES,telma.maricela.cano.morales@example.com,xCI^LoI8CfKW,1961-10-04,2024-06-16,0
f2ba6239-2404-44b4-8bad-0ae6044873c1,MIRNA VIOLETA PÉREZ,DE LEÓN,mirna.violeta.pérez.de.león@example.com,cV*%a(rIaZj5,1976-05-18,2024-06-16,0
78369da6-ff8f-48ec-84c3-e6ebdad90da6,OSCAR ALBERTO,MARTINEZ LOBOS,oscar.alberto.martinez.lobos@example.com,^eV(sVrMgm@#,1992-02-18,2024-06-16,0
f2a4cea6-2a27-4dd0-9021-5a9dbd13b481,CLAUDIO CESAR,CASTAÑON CONTRERAS,claudio.cesar.castañon.contreras@example.com,sGa*Ly1*tuVM,1952-12-29,2024-06-16,0
7b1062d7-542d-42bf-860a-6ab886c8ecd2,OSBER ISABEL,CARIAS PALENCIA,osber.isabel.carias.palencia@example.com,O9I)YQxwj6Tx,1968-09-10,2024-06-16,0
4c74d389-4277-40f2-b93d-67f288bbe14c,EDER KEITH,PAZ TIGUILA,eder.keith.paz.tiguila@example.com,EgIxjADV24z6,1953-08-09,2024-06-16,0
abe07a62-ec3f-48e5-86d4-25b2776f0451,PABLO CESAR ANÍBAL,SARAVIA SOLARES,pablo.cesar.aníbal.saravia.solares@example.com,!wjn%C!6Kv(9,1997-11-01,2024-06-16,0
b194c426-03dd-46da-930b-e9d0d7fca407,ESDRAS FELICIANO,MIRANDA OROZCO,esdras.feliciano.miranda.orozco@example.com,EJ5(sbNXFFab,1990-02-10,2024-06-16,0
871e165c-e8fa-4a17-a0e3-c833b9eb4ffb,NANCY MARIA,GUTIERREZ SAMAYOA,nancy.maria.gutierrez.samayoa@example.com,9tcnD9*OH*h7,1970-03-28,2024-06-16,0
8370cbdb-fed3-4ed4-a040-6c10d65a8025,ISMAEL HOMERO,JEREZ GONZALEZ,ismael.homero.jerez.gonzalez@example.com,dwA9rzLc6YvF,1984-02-10,2024-06-16,0
14c62d55-efb8-4bb4-b75b-907f642685c4,JUAN,MERCK COS,juan.merck.cos@example.com,qeE320ojZ^iE,1969-07-15,2024-06-16,0
dce2d2ac-12d6-4874-8d87-c1622aef0c7f,JOSE FERNANDO,PAREDES QUIROA,jose.fernando.paredes.quiroa@example.com,Z5r2zB!n(@I4,1951-10-13,2024-06-16,0
80a20a36-50e0-474f-b8bd-330dcb95bb0e,JOSÉ LUIS,MENDÓZA ALVARADO,josé.luis.mendóza.alvarado@example.com,FlKlwXe$Pm4d,1986-10-05,2024-06-16,0
f60d49f5-5e64-4063-86fa-04436caa5bd0,JUAN CARLOS,MORATAYA RAMOS,juan.carlos.morataya.ramos@example.com,Fplks#t(%Ev4,1990-05-15,2024-06-16,0
d978bef7-0aea-4a3e-a7ec-bc741e565ea4,EDGAR ESTUARDO,CHAJ RAMIREZ,edgar.estuardo.chaj.ramirez@example.com,C4*lD(n)IZhb,1988-08-23,2024-06-16,0
18e0e13f-2c58-47d4-8ba9-b6df1e975849,SAUL,CABEZAS DURAN,saul.cabezas.duran@example.com,bU2kXb&5VCkL,1959-09-17,2024-06-16,0
311acfbe-6029-4664-827b-d686c58c7cd9,CARLOS SALVADOR,WONG DAVI,carlos.salvador.wong.davi@example.com,UXDvVc&r9P%y,1954-05-27,2024-06-16,0
02eb49b4-e361-4c77-8464-dec14e3447da,WALTER ARNOLDO,BARDALES ESPINOZA,walter.arnoldo.bardales.espinoza@example.com,aRrs@RiA)wXy,1986-09-12,2024-06-16,0
51e9bce9-480e-4dd1-8b40-06ca25c22c6b,ERICK ESTUARDO,HERNANDEZ GARCIA,erick.estuardo.hernandez.garcia@example.com,w(k0U!3oI76n,1958-10-22,2024-06-16,0
cc8b8675-51fc-40be-95e1-a1bd66869200,JORGE MARIO,ESTRADA ASTURIAS,jorge.mario.estrada.asturias@example.com,1XCe24uFECi3,1978-10-13,2024-06-16,0
8648c2c0-4bbf-4aef-9dd7-221257061eaf,GUSTAVO BENIGNO,OROZCO GODINEZ,gustavo.benigno.orozco.godinez@example.com,eR5VRFIIC!O),1959-12-05,2024-06-16,0
5482e580-e1b8-4df3-b002-23a129e624dd,ARMANDO,GALVEZ CASTILLO,armando.galvez.castillo@example.com,oMQ6Vw)cB339,1992-11-14,2024-06-16,0
43ab1d11-1868-461e-a7ea-550e94461e60,HELMUNT FEDERICO,CHICOL CABRERA,helmunt.federico.chicol.cabrera@example.com,Xa9Bv2uWVy*b,1993-12-25,2024-06-16,0
8efb62c5-cbf8-4fd8-9447-8018779913f2,ENDOR STEVE ORTIZ,DEL CID,endor.steve.ortiz.del.cid@example.com,tGdeJU!i1U#B,1978-03-17,2024-06-16,0
3957473f-a5b0-4514-bd88-0dbb11f54e6b,DANIEL DE JESUS,VASQUEZ AGUILAR,daniel.de.jesus.vasquez.aguilar@example.com,j*DTj(IfwIum,1993-04-28,2024-06-16,0
252fe0cb-0715-43d1-aba5-38d9cfa4e9dd,FERNANDO ALFREDO,MOSCOSO LIRA,fernando.alfredo.moscoso.lira@example.com,P5QLTi1grQuM,1977-07-30,2024-06-16,0
3315e1ac-2959-4cc1-8ce6-ec8da13a9c60,JOSE GUILLERMO,BEDOYA BARRIOS,jose.guillermo.bedoya.barrios@example.com,iTuxY$mSk%hi,1975-08-25,2024-06-16,0
dc089c15-d56f-4681-b3f5-cb947bb4f071,JULIO ANDRÉS,GAITÁN ALVAREZ,julio.andrés.gaitán.alvarez@example.com,Lhoxm!GLLh0#,1964-09-20,2024-06-16,0
c75b007d-fb53-4045-b6fa-dfc46039074f,JORGE LUIS,PEREZ RIVERA,jorge.luis.perez.rivera@example.com,un3X!IlTFuxL,2005-01-10,2024-06-16,0
1fcf95e6-3bc8-491f-b35f-8fce8fdcb9f7,HECTOR FRANCISCO,REYES FRANCO,hector.francisco.reyes.franco@example.com,rCz*#ZCieUvH,1991-07-08,2024-06-16,0
8a28461c-6d72-462e-b4d5-79851b952222,JUAN CARLOS,CORDOVA ZECEÑA,juan.carlos.cordova.zeceña@example.com,RxVDjWvp(^g4,1959-09-04,2024-06-16,0
69669056-468c-4ad3-84d6-84f5e8b9b06e,LUIS EDUARDO,DURAN CORDOVA,luis.eduardo.duran.cordova@example.com,5DtowFNUn@jZ,1963-12-14,2024-06-16,0
7d1b2575-4222-4655-bb6c-3c05ff69fd03,RONY DANIEL,HERNANDEZ GOMEZ,rony.daniel.hernandez.gomez@example.com,@3yL0(6puDSV,1970-08-11,2024-06-16,0
0909ad32-b4fa-4cf0-9ecf-6357e4248e7b,MYNOR RODERICO,FIGUEROA FUENTES,mynor.roderico.figueroa.fuentes@example.com,Ol77(O#fIA(J,1982-11-19,2024-06-16,0
865a95e6-ec79-4971-a331-029fc744f5fc,JOSE FERNANDO,SAMAYOA ROLDAN,jose.fernando.samayoa.roldan@example.com,$m@&Bjhc5oNm,1982-01-08,2024-06-16,0
6bf17b2d-d2f0-4ae3-a53e-4517e9a2d39a,PEDRO ANTONIO,AGUILAR POLANCO,pedro.antonio.aguilar.polanco@example.com,0l!)ArU#Jty%,1953-07-29,2024-06-16,0
33d42857-8ee4-45cb-a3e5-469edc293541,GUILLERMO FRANCISCO,MELINI SALGUERO,guillermo.francisco.melini.salguero@example.com,WgWn(S&@NGLY,1959-09-09,2024-06-16,0
ea71a153-02b6-484d-b9db-2fd595991c3e,WALTER ROLANDO,SALAZAR GONZÁLEZ,walter.rolando.salazar.gonzález@example.com,E@Zx7QB#v!$(,1994-05-07,2024-06-16,0
ef9bab5d-3920-4bba-8e1c-c0f1ed90a618,JOSÉ ESTUARDO,GALINDO ESCOBAR,josé.estuardo.galindo.escobar@example.com,2sT!CvFmHBbK,1984-07-18,2024-06-16,0
99942e36-0f86-4a4f-a697-17e9b49b50bd,MARIO RODOLFO,CORZO AVILA,mario.rodolfo.corzo.avila@example.com,!lMGefFOIm5z,1962-08-06,2024-06-16,0
87babca1-65d5-411a-b688-5472022b6111,OMAR GILBERTO,FLORES BELTETON,omar.gilberto.flores.belteton@example.com,6yv2T)Wa9E6),1971-03-24,2024-06-16,0
747a9b48-ef60-4e2f-ba59-b25b52f8ddd7,RAMIRO AUGUSTO,SANTIZO GONZALEZ,ramiro.augusto.santizo.gonzalez@example.com,RVqN%*T00Ayk,1987-05-27,2024-06-16,0
83036974-2b9e-4b15-ab22-65a63a24b907,ADOLFO NARCISO,GRAMAJO ANTONIO,adolfo.narciso.gramajo.antonio@example.com,jfnVq5Me!D^S,1988-09-04,2024-06-16,0
36e7e0e5-400e-40a7-a64e-574b3bfa802f,ANA GLORIA,MONTES PEÑA,ana.gloria.montes.peña@example.com,sD(wi^TeNNRS,2001-03-25,2024-06-16,0
6ba1b2af-24ef-462f-bf7a-ef35d2e04a2e,WILLIAMS GUILLERMO,ALVAREZ MEJIA,williams.guillermo.alvarez.mejia@example.com,6sbZefFz(fhr,2003-11-06,2024-06-16,0
b7f39ad0-9a7b-4b76-bea6-d5248763f6af,KAREN NOELIA,HERNÁNDEZ AVILA,karen.noelia.hernández.avila@example.com,kXD4dBZHZKmq,1951-04-16,2024-06-16,0
be8c5e3a-85c4-4e3d-8f91-0e079cbc2933,DINNA LISSETTE ESTRADA MOREIRA,DE ROSSAL,dinna.lissette.estrada.moreira.de.rossal@example.com,74P$eCUY6IQx,1973-02-13,2024-06-16,0
0a6a9a1a-778e-48ab-a580-4124c918f37e,MARIO JOSE,MERIDA MERE,mario.jose.merida.mere@example.com,zFod6g9tHn$s,2000-09-14,2024-06-16,0
1cebb971-1eb9-4322-93a4-0a5415dc6237,HILDA PIEDAD,PALMA RAMOS,hilda.piedad.palma.ramos@example.com,7M1h7PV0kHAI,2003-05-09,2024-06-16,0
33f61f40-394b-4750-a9e4-d13663a64506,JOSE GABRIEL,ORDONEZ MORALES,jose.gabriel.ordonez.morales@example.com,ms%y%ylc*iS$,1992-08-04,2024-06-16,0
b065504f-a373-4a41-9dd9-5b45cf7ecbe3,ESTUARDO,JEREZ SANTOS,estuardo.jerez.santos@example.com,gt&y7bbcsPdx,1972-04-08,2024-06-16,0
8b6767b5-cbf9-4c1b-b3db-61ea528d53b6,VICTOR VINICIO,BARRIOS US,victor.vinicio.barrios.us@example.com,FdoPWbZ7GF5B,1960-03-05,2024-06-16,0
3ffb0af8-3dea-4433-b6c3-719e98b3a3df,FRANCISCO ARTURO,HERNANDEZ ARRIAZA,francisco.arturo.hernandez.arriaza@example.com,v@QatFGggb8v,2003-10-02,2024-06-16,0
0ae7b4d6-5311-49bc-bb4c-7fa02d665c8a,JUAN CARLOS,JEREZ JUAREZ,juan.carlos.jerez.juarez@example.com,W&TpoU1em!dn,1987-11-14,2024-06-16,0
74f2e28a-138c-43dd-bbd7-71a2ade6ba8c,JOSE LUIS ANTONIO,VALDEAVELLANO ARDON,jose.luis.antonio.valdeavellano.ardon@example.com,3FjbzQZLNjeW,1994-09-10,2024-06-16,0
2639d97d-9969-4831-9fd1-94db646efe70,JOSE ANTONIO,GRACIAS GONZALEZ,jose.antonio.gracias.gonzalez@example.com,$Qv5w)V10Wgd,1995-05-02,2024-06-16,0
cf89e937-1c6c-47e8-a5ff-c3257404ab53,OSMAR BERNAL,GODINEZ VELÁSQUEZ,osmar.bernal.godinez.velásquez@example.com,(j@tDw*scr5n,1964-12-03,2024-06-16,0
3126390d-9ff3-4d90-8283-31fbd239dd71,STAFF,STAFF,staff.staff@example.com,G#(uhrYdsHp6,1970-04-15,2024-06-16,0
eb3d9d65-3fc8-4802-aaba-7835a8106106,KAREN LUCRECIA,HURTARTE PINEDA,karen.lucrecia.hurtarte.pineda@example.com,Rf%MzPh&l^9h,1978-07-18,2024-06-16,0
f455b079-541f-4be0-9503-11f420300cb8,MARIA EUGENIA,AGUILAR BOBADILLA,maria.eugenia.aguilar.bobadilla@example.com,9Qrc#lW9f09*,1988-07-31,2024-06-16,0
1d547a7f-d1c9-4964-8447-561091476cf1,JOSE ANIBAL SILVA DE,LOS ANGELES,jose.anibal.silva.de.los.angeles@example.com,Rto2WOPK3Z*P,1982-05-23,2024-06-16,0
3f8fcd6b-7d1d-4478-8e0a-1d8ce1463d37,EDWIN ESTUARDO,ZAPETA GOMEZ,edwin.estuardo.zapeta.gomez@example.com,DWozCBnAb17M,1977-11-29,2024-06-16,0
d236d309-d4fb-48d6-80ca-73f2c6c9f99c,ÁLVARO GIOVANNI,LONGO MORALES,álvaro.giovanni.longo.morales@example.com,YGVt402zPRc^,1985-10-08,2024-06-16,0
2151f444-d296-4c42-877b-3da6c9f23659,MARIO JOSE,BAUTISTA FUENTES,mario.jose.bautista.fuentes@example.com,(t$xBDNKKFjX,1960-08-16,2024-06-16,0
3097af84-1dc2-4162-93f2-624f412183cb,EDGAR RUBEN,SABAN RAXON,edgar.ruben.saban.raxon@example.com,z^ODr8#hGbsl,2004-07-16,2024-06-16,0
c02e43c9-075a-44e5-bec8-6cec83053385,MARIO GUSTAVO,LOPEZ HERNANDEZ,mario.gustavo.lopez.hernandez@example.com,8M1&e7SpFL%K,1999-08-17,2024-06-16,0
13a9cb9c-b685-4f1b-b18b-728530495600,PEDRO PABLO,HERNANDEZ RAMIREZ,pedro.pablo.hernandez.ramirez@example.com,W7%E#VptXydD,1960-06-16,2024-06-16,0
6395642c-de31-4b36-b279-7102676bb6c8,ALLAN ALBERTO,MORATAYA GÓMEZ,allan.alberto.morataya.gómez@example.com,SRpTIBGRyPpF,1979-10-01,2024-06-16,0
74db46cf-def6-4d77-9e13-66db7bc755ff,PABLO RENÉ,LEÓN MARQUEZ,pablo.rené.león.marquez@example.com,%Q%8@MU3VfQo,1965-05-18,2024-06-16,0
4c445443-59db-4ee4-a840-a3ca7a6fc80b,BRENDA IZABEL,MIRANDA CONSUEGRA,brenda.izabel.miranda.consuegra@example.com,TnHFG3hednaC,1956-02-23,2024-06-16,0
9fccc006-9f93-4922-bd00-7bbeba4f346a,CARLOS ALBERTO,ARIAS LARA,carlos.alberto.arias.lara@example.com,Cfv%6lG$msq(,1991-07-10,2024-06-16,0
ff5403f0-684a-442c-9681-a1c37ef30345,ANDRES MANUEL,REMIS SALGUERO,andres.manuel.remis.salguero@example.com,5Y0hZQ3@ud4Y,1967-01-08,2024-06-16,0
98dca732-be8b-463b-9422-f81a22b5d0fa,LIGIA EUNICE,VASQUEZ DARDON,ligia.eunice.vasquez.dardon@example.com,VYVlyNn^pYeJ,2003-12-02,2024-06-16,0
ead79ba8-9913-41e1-8908-da3172a5c576,JOSE MARIANO,GATICA HUERTAS,jose.mariano.gatica.huertas@example.com,#j)f7vXUDdFg,1951-11-04,2024-06-16,0
ca27d1d5-1f13-4007-942f-431f5e5d475a,CARLOS MATIAS,CASTELLANOS ARGUIJO,carlos.matias.castellanos.arguijo@example.com,6#Zr8w^m6TqV,1963-10-28,2024-06-16,0
e7b51daf-0b03-48bc-af62-c092395027ba,LUIS GREGORIO,ALFARO VELIZ,luis.gregorio.alfaro.veliz@example.com,Y3BjYKnA#ii),1977-08-26,2024-06-16,0
28697e6d-7812-4237-a687-1f8b8a20ea75,JUAN CARLOS,LINARES CRUZ,juan.carlos.linares.cruz@example.com,KHQx0@Mw40Pr,1953-03-15,2024-06-16,0
f1a9e313-6012-41a1-b1cf-f03b4128b60f,CARLOS HUMBERTO,PEREZ RODRIGUEZ,carlos.humberto.perez.rodriguez@example.com,!0iJ)ZtR0qnd,1980-11-07,2024-06-16,0
78ad9ce3-9a98-497d-9a5f-ecd8fc333075,MARIO CESAR,MORAN PORRAS,mario.cesar.moran.porras@example.com,IbZPVo*CdqSp,1999-05-20,2024-06-16,0
d0026c59-c390-41de-9ad0-f21b7e2fff4c,JOSÉ VALERIO,CHOC MIJANGOS,josé.valerio.choc.mijangos@example.com,WTCy1Y#Kx3zo,1969-05-18,2024-06-16,0
681cb004-4d20-4e0c-8151-6b60c5ff555d,WALTER ALEXANDER,GUERRA DUQUE,walter.alexander.guerra.duque@example.com,B@Y%xhu(DEm5,1982-07-18,2024-06-16,0
b7a1dfb6-99aa-42c8-9982-8c44ec7a4a31,DANIEL ENRIQUE,SANTOS GODOY,daniel.enrique.santos.godoy@example.com,!@Ay^SP@y20G,1983-01-03,2024-06-16,0
87bd36b6-9e85-4d61-a7d6-0a1509d5f35f,LUIS DIEGO DE,LEON SANCHEZ,luis.diego.de.leon.sanchez@example.com,Z2*$!amlKVhP,1982-11-09,2024-06-16,0
f153f176-3379-4d1c-97c5-8cc181836399,JIMMY DANIEL,LARIOS MARTÍNEZ,jimmy.daniel.larios.martínez@example.com,6w4S7(5Q$Oh7,1962-04-01,2024-06-16,0
af992d92-31dd-42bf-b99d-3ff392a51b91,DIEGO ANDRES,OBIN ROSALES,diego.andres.obin.rosales@example.com,NgznK@@NQaLo,1980-09-22,2024-06-16,0
244c8680-a4c4-477f-917b-a1e564b0fc82,MELANI ALEJANDRA LÓPEZ DE,LA ROCA,melani.alejandra.lópez.de.la.roca@example.com,RV#mwW&J26%Y,1969-05-25,2024-06-16,0
2487545e-9d41-4119-b704-c77e19bc70cb,EDUARDO TOMÁS,IXÉN RUCUCH,eduardo.tomás.ixén.rucuch@example.com,!go%Trpyh6qx,1960-12-06,2024-06-16,0
4c5447b4-06a9-4f74-8e1c-57fcb88a3ada,ANA BELÉN,CONTRERAS OROZCO,ana.belén.contreras.orozco@example.com,$yF(JY19ukZn,1975-08-19,2024-06-16,0
d64b31af-073d-4ef3-98fb-61d171e40d05,DIEGO SAUL,CAMEY GIRON,diego.saul.camey.giron@example.com,0G4X0*8h2Qym,2001-05-13,2024-06-16,0
fba84fcc-4c3c-40eb-a01a-884d10d99834,LUIS ROBERTO,BOROR YOC,luis.roberto.boror.yoc@example.com,pKBxAwY0E(X^,1956-05-07,2024-06-16,0
24996f59-0978-4ca2-85f5-2879d76eb389,KARLA LIZBETH,MARTÍNEZ VARGAS,karla.lizbeth.martínez.vargas@example.com,QHwLO6znqoYT,1973-06-11,2024-06-16,0
71e95a04-ae5a-425d-a18c-0e431a6747f3,RIGOBERTO RAFAEL,SANDOVAL LOPEZ,rigoberto.rafael.sandoval.lopez@example.com,$0X5Bqr6Y)tE,1999-11-24,2024-06-16,0
ddd7b91d-7edb-418e-813d-defab48c0f4d,MARÍA LORENA,RIZZO LÓPEZ,maría.lorena.rizzo.lópez@example.com,E4AY&pRUu6%K,1981-09-02,2024-06-16,0
4da4fb9d-a5fa-48b0-ba25-e4bcba4d941a,SELVIN ESTUARDO,JOACHIN JUAREZ,selvin.estuardo.joachin.juarez@example.com,B3jrw8i0X*#%,1952-02-26,2024-06-16,0
9fe509ee-133e-4478-973a-b1d6e8a7e37d,JAIME ROBERTO,RUIZ DIAZ,jaime.roberto.ruiz.diaz@example.com,a5P5kXwBu^Hx,1997-09-28,2024-06-16,0
88a84264-bf4c-4845-960c-9a2fdc417060,ALDO,OZAETA SANTIAGO,aldo.ozaeta.santiago@example.com,9g)U^BO&X0kG,1998-12-12,2024-06-16,0
e79fb5c8-515e-497f-805c-4daa1392a39b,ERWIN DANILO,GONZALEZ TREJO,erwin.danilo.gonzalez.trejo@example.com,XZ@u!cY&5Aa2,1950-09-05,2024-06-16,0
67853e3e-c4dc-4db5-8847-52a65b2f6c35,EDGAR DARIO,ALVAREZ COTI,edgar.dario.alvarez.coti@example.com,j1K4nM2LeEU2,1992-01-28,2024-06-16,0
10b8de88-e83c-42a7-afb8-bfec252d2b03,MAYRA SAADETH,ARREAZA MARTINEZ,mayra.saadeth.arreaza.martinez@example.com,9pC0cwCRVwsQ,1962-07-18,2024-06-16,0
c210b2e5-4470-4191-b07b-a944fce778bf,BYRON GERARDO,CHOCOOJ BARRIENTOS,byron.gerardo.chocooj.barrientos@example.com,g0e)2g^^pQGD,1993-09-27,2024-06-16,0
1220822d-0600-4785-b765-c7a6d859977b,DIEGO ERNESTO,BARRERA PAIZ,diego.ernesto.barrera.paiz@example.com,xTFb@uH*1cuL,1951-02-27,2024-06-16,0
2f81e8ce-ed40-4111-9b58-6dbb984741c0,EDWIN JOSÉ,SARAVIA CANO,edwin.josé.saravia.cano@example.com,%Crwv^QcW7gd,1961-01-10,2024-06-16,0
8177d8a3-cddd-4c71-b352-8c7cddc44cca,MIGUEL ANGEL,ZAPETA RODRIGUEZ,miguel.angel.zapeta.rodriguez@example.com,k14RPCwLzt@B,1988-10-30,2024-06-16,0
49e7b38f-23a7-4d0a-a419-1712673608d1,HELEN JEANNETH,MARTÍNEZ SUM,helen.jeanneth.martínez.sum@example.com,vCEKM5ZRG*a(,1959-11-04,2024-06-16,0
13255432-4606-49f6-ba11-9b8f5d03119c,DAVID SAMUEL,FIORINI MORALES,david.samuel.fiorini.morales@example.com,ph)!9qEBgTcq,1956-12-16,2024-06-16,0
9e01cd9e-0c85-4959-b896-18f183aa5d7c,KAREN NATALIE,MEINICKE PALACIOS,karen.natalie.meinicke.palacios@example.com,yBGq@B9oAfOj,2003-08-11,2024-06-16,0
1e1a1547-d835-44d9-b8d5-8bf1f4e78f9d,NESTOR OBDULIO ALEJANDRO,CHAMALE CHITIC,nestor.obdulio.alejandro.chamale.chitic@example.com,2UqOSlO^#1ns,1979-04-15,2024-06-16,0
cef2de13-4a0d-4ac8-ae6f-704191fc3435,CESAR LEONEL,OVALLE RODRIGUEZ,cesar.leonel.ovalle.rodriguez@example.com,d$c7qWkBeklh,1963-12-04,2024-06-16,0
36818109-73a3-4063-8833-b4e196133b29,OSCAR HUMBERTO,MONTES ESTRADA,oscar.humberto.montes.estrada@example.com,7&FJq#U1nLHC,1985-02-01,2024-06-16,0
0ed2bed2-4d47-4266-afa4-c9191f370cd1,CARLOS RODOLFO,MARTINEZ GIRON,carlos.rodolfo.martinez.giron@example.com,ZEu#)COknJL0,1952-08-26,2024-06-16,0
53eaedac-bd95-49b7-a0ef-50c2bc82145c,RICARDO ENRIQUE,CONTRERAS FOLGAR,ricardo.enrique.contreras.folgar@example.com,YogyxrWNIHhp,1987-10-17,2024-06-16,0
35d674f8-d5b0-4be2-a377-0ecbf888b939,MURPHY OLYMPO,PAIZ RECINOS,murphy.olympo.paiz.recinos@example.com,#$M1iiiwzkHs,1957-05-07,2024-06-16,0
39a85a0a-bfc3-4936-a0aa-1a2d874fed75,VÍCTOR RENÉ,PÉREZ MAYÉN,víctor.rené.pérez.mayén@example.com,O)sg0QWJI%!v,1951-06-15,2024-06-16,0
10e53beb-3ae7-4e30-ad3f-6f00e0a12bbb,NORMAN LEONEL,SIGUI GIL,norman.leonel.sigui.gil@example.com,21GjvLCKT2lH,1965-08-20,2024-06-16,0
1cff3dae-927e-4097-aba0-d6f0d5e49784,WUILLIAN RICARDO,YON CHAVARRIA,wuillian.ricardo.yon.chavarria@example.com,u5)Am!9E92MY,2000-11-07,2024-06-16,0
187adb4e-dbcb-4dd4-842d-ebd417efd213,CARLOS SNELL,CHICOL MORALES,carlos.snell.chicol.morales@example.com,E@O5Q9@EY)xa,2005-07-20,2024-06-16,0
174ff086-344c-4ae7-ad7e-e0f3c6d6a7b6,ALEX EVELIO,CASTAÑEDA SALAZAR,alex.evelio.castañeda.salazar@example.com,W)h3oM)jLtZ4,1962-06-02,2024-06-16,0
9a1eb5ed-2002-41c3-ab91-933776d0ea96,ERIC RONALDO,RUIZ MATIAS,eric.ronaldo.ruiz.matias@example.com,EPMiK91@kf%9,1990-09-28,2024-06-16,0
a82a4eb6-35cc-4a04-8e92-eb278710b98a,JORGE RODOLFO,GARCIA CARRERA,jorge.rodolfo.garcia.carrera@example.com,0rXu9ti1KkZF,1957-06-28,2024-06-16,0
aaf9b94b-b4dd-4573-b571-a34dfb07cbd8,ANGELICA DEL CARMEN,PILO POZ,angelica.del.carmen.pilo.poz@example.com,iz%C3@wM9F!c,1976-06-20,2024-06-16,0
d9d58583-bb2b-44c6-a5db-c09a8e369cc2,MANUEL ALFREDO,ARRIVILLAGA OCHAETA,manuel.alfredo.arrivillaga.ochaeta@example.com,JD5HhW@F&Qir,1987-10-01,2024-06-16,0
35a23c58-3046-40de-b786-cdd023ef3216,DENILSON FLORENTÍN DE,LEÓN AGUILAR,denilson.florentín.de.león.aguilar@example.com,1ib!rRl1v5FX,1953-03-22,2024-06-16,0
fecd0206-29cb-4666-98b4-a1d96eaa6aa1,CARLOS ARNOLDO,LÓPEZ COROY,carlos.arnoldo.lópez.coroy@example.com,n&1uedwlhcIW,1986-10-10,2024-06-16,0
b7b4d1d8-7a2c-439b-994d-cad0ae08ec52,DEIVID ALEXANDER,LUX REVOLORIO,deivid.alexander.lux.revolorio@example.com,BRv$!Wv9XUKR,1961-10-14,2024-06-16,0
79791781-838c-4091-83a4-173de53fba5a,BYRON ESTUARDO,CAAL CATUN,byron.estuardo.caal.catun@example.com,LgRv9C3p)p20,1984-12-12,2024-06-16,0
a4866377-bc93-45c7-8fa1-3e2e9f478df7,VICTOR ALEJANDRO CUCHES,DE LEÓN,victor.alejandro.cuches.de.león@example.com,A8@I3MaGh%KD,1955-07-06,2024-06-16,0
02ccd546-626c-4bed-9492-ea5d9611cae0,FLOR DE MAYO,GONZALEZ MIRANDA,flor.de.mayo.gonzalez.miranda@example.com,zmNtHh#yoID3,1954-01-17,2024-06-16,0
33b0cb57-dd3d-43ee-95fe-537363623adc,MARCO TULIO,MORAN SEQUEN,marco.tulio.moran.sequen@example.com,4G5nLX626SPo,1989-08-06,2024-06-16,0
518fc3c1-7707-4cd4-94dc-6bfa5eedd4c2,DIANA ALEJANDRA,PACAY GARCÍA,diana.alejandra.pacay.garcía@example.com,9gkM8JkPEA64,1969-12-09,2024-06-16,0
93d8d3f9-ff29-454c-94c7-84cc8aaa7067,LESBIA MAGALI,HERRERA LOPEZ,lesbia.magali.herrera.lopez@example.com,VvpvSk$g!xv^,1997-08-10,2024-06-16,0
adf22bab-d841-4fe4-8423-ae328ca96dcb,KARLA GIOVANNA JUDITH,PÉREZ LOARCA,karla.giovanna.judith.pérez.loarca@example.com,AgBFat%QeGul,1957-03-03,2024-06-16,0
55211a46-e665-4696-a627-007a16b9b576,LUIS MANFREDO,REYES CHAVEZ,luis.manfredo.reyes.chavez@example.com,VL3W)hwwxli5,2000-08-14,2024-06-16,0
8c1368f4-a9d4-4413-bae3-8934e892b4a3,WALTER JACOBO,GALICIA GARCIA,walter.jacobo.galicia.garcia@example.com,rq$RyZSxR^@h,1954-07-12,2024-06-16,0
99d1a3ad-4648-40d2-a7cf-ab49adbb2ec2,NATANAEL JONATHAN,REQUENA GOMEZ,natanael.jonathan.requena.gomez@example.com,5wzW%k5A2FVy,1983-08-29,2024-06-16,0
b095f988-c315-4401-8da7-a54e0eef965d,SERGIO MYNOR DAVID,FELIPE ZAPETA,sergio.mynor.david.felipe.zapeta@example.com,G1)0XZ37V!C6,1976-08-17,2024-06-16,0
67fad017-040f-467d-a268-131b687179b3,CARLOS ERNESTO,FUENTES RASIQUE,carlos.ernesto.fuentes.rasique@example.com,*gTb4BnOh9w5,1959-02-14,2024-06-16,0
271fa404-431e-413b-adab-d43f8f4bf7c9,ERIK LEONEL,GARCIA SANTANA,erik.leonel.garcia.santana@example.com,b8njpAcRucwr,2001-01-26,2024-06-16,0
a77e92fa-ec25-49d9-bf62-89a22aeedf45,MARIO RENATO,ESCOBEDO MARTINEZ,mario.renato.escobedo.martinez@example.com,k01bi&ruW0rY,1990-01-29,2024-06-16,0
81b5133e-3141-4310-aa79-8f359bc188c3,CESAR ERNESTO,URQUIZU RODAS,cesar.ernesto.urquizu.rodas@example.com,NN1yZUkpEmRI,1992-11-05,2024-06-16,0
783726b9-f9ab-40d1-9885-f2a47bd095fc,LUIS ADOLFO DE,LEON GOMEZ,luis.adolfo.de.leon.gomez@example.com,I%*UYbVPe8Np,1960-08-24,2024-06-16,0
d55a0eaa-425c-47f4-a9c9-7df7ceaa42a8,BENITO ANTONIO,BACA MÈNDEZ,benito.antonio.baca.mèndez@example.com,^rpUoAoW^WkQ,1960-06-22,2024-06-16,0
7b44a1c3-f681-4f14-9c6c-31d73f2aff3c,JOSÉ MANUEL,MORO BLANCO,josé.manuel.moro.blanco@example.com,hFWtLFAKLK@b,1961-07-01,2024-06-16,0
0369feae-e603-48d8-9c94-ab66f7b623fe,LORENA VICTORIA,PINEDA CABRERA,lorena.victoria.pineda.cabrera@example.com,d^BoHtXoUr0(,1999-07-06,2024-06-16,0
f1d4e4d5-85bc-4b19-9fd8-263566c7e1a7,ARMANDO ALONSO,RIVERA CARRILLO,armando.alonso.rivera.carrillo@example.com,cbpYu#NEv9Na,1971-07-01,2024-06-16,0
1c554a3d-7edf-49cd-a14f-7844a8b6de40,ALEX,SUNTECUN CASTELLANOS,alex.suntecun.castellanos@example.com,ftH$pe&%hmdP,1987-02-23,2024-06-16,0
695d9199-6d58-4428-8437-526d27e523b9,KEVIN JOSUÉ,CALDERÓN PERAZA,kevin.josué.calderón.peraza@example.com,x0MwH!kw)HI9,1965-01-09,2024-06-16,0
15a51ad0-d673-40e5-8de5-6a1d37d9f59a,JOSE MAURICIO,ARRIOLA DONIS,jose.mauricio.arriola.donis@example.com,nJv0IJvh(1oJ,2000-09-07,2024-06-16,0
f8bfed96-42df-42b6-8edc-f13e2ff9aeb7,JONATHAN EFREN,ALVAREZ CACACHO,jonathan.efren.alvarez.cacacho@example.com,ZzARCaciP7jF,1987-04-24,2024-06-16,0
eb722481-7acc-497b-ac8b-099cfe93cddc,ERICK GEOVANI,AGUSTIN MARROQUIN,erick.geovani.agustin.marroquin@example.com,UD^3cbhhJ(Lq,1959-11-07,2024-06-16,0
b8a21332-b8e0-4fdb-bc2d-b0bffdaed512,HUGO ARMANDO,POLANCO VASQUEZ,hugo.armando.polanco.vasquez@example.com,EXH2QUkX%7&J,1962-05-30,2024-06-16,0
f0215a4d-331d-40fa-9e7e-155c4b017727,EVELYN ELVIRA,GUALÍM SANCHEZ,evelyn.elvira.gualím.sanchez@example.com,GSMJuNJwzxc1,1957-02-13,2024-06-16,0
